法人番号,空欄,空欄,空欄,サービスの名称（最大40文字）,サブタイトル（最大40文字）,サービスの対象者,サービスの対象分野,都道府県（全国サービスの場合はチェックなし）,対象地域群,空欄,空欄,空欄,サービス概要（最大200文字）,,空欄,開始日,終了日,サービス期間に関して自由に記入してください。（最大２０文字）,空欄,詳細情報URL,企業名等,空欄,空欄,サービス対象の業種（標準産業分類）,［事業者向けサービス］支援対象事業ステージ,［事業者向けサービス］サービス分類,［事業者向けサービス］「お困りごと」,［個人向けサービス］ライフステージ,［個人向けサービス］サービス分類,［個人向けサービス］お困りごと,災害名,キーワード,空欄,空欄,空欄,情報更新日,空欄,空欄,空欄,サービス費用,サービス詳細分類,［教育用サービスの場合］教育用サービス内容,主な所属団体名,記入者の連絡先（メールアドレス）・・非公開,本情報は、業界団体などを通じて各企業が登録した情報であり、情報の内容、情報活用等により生じた一切の責任を政府は負いません。情報源を確認するなどして、利用者の判断で活用してください。
,,,,新型肺炎休校サポート,,個人（中・高校生）,教育、学習支援,,,,,,国語・数学・理科・社会の学習動画を無償で提供し、中・高校生の自宅学習を支援します。利用者は、自分の学年や学習進度にあった動画を選び、スマートフォンなどで閲覧することができるようになっていて、臨時休校中の自宅学習の補助教材として活用していただくことが可能です。,,,2020/3/2,,期間備考,,https://linecorp.com/ja/pr/news/ja/2020/3101,LINEみらい財団,,,,,,,,サービス提供,,新型コロナウイルス感染症,オンライン学習,,,,2020-03-02,,,,無料,オンライン授業,,#学びを止めない未来の教室（https://www.learning-innovation.go.jp/covid_19/）,,
,,,,「カタリバオンライン」,,個人,教育、学習支援,,,,,,好きで好きでたまらない事がある大人、何かに秀でた名人などと、学校がお休みになり自宅で過ごす小中高生が、web会議システム「zoom」を使用して、双方向でやりとりするプログラムを行います。また、子ども達向けだけでなく、保護者向けの心のケアや相談プログラムも実施します。,,,2020/3/2,,終了時期未定,,https://note.com/kataribaonline/n/n3d78c5d8fac8,NPO法人カタリバ,,,,,,,,サービス提供,,新型コロナウイルス感染症,学習プログラム,,,,2020-03-01,,,,無料,オンライン授業,,#学びを止めない未来の教室（https://www.learning-innovation.go.jp/covid_19/）,,
,,,,新しいWEB演習システム「デキタス・コミュ」,,教育機関,教育、学習支援,,,,,,"個別指導の城南コベッツで使用している、スマホやタブレットで使えるオンライン演習システム
対象は小学5年から高校3年生まで。
３レベルに分かれた1問1答形式の問題が豊富に搭載されています。
「対戦モード」を利用して、学校の仲間と競い合いながら学習することが可能です。",,,,,ご利用開始より1カ月間,,https://www.covez.jp/junior/gonavi/gonavi03.html,株式会社城南進学研究社,,,,,サービス提供,,,,,新型コロナウイルス感染症,オンライン学習,,,,2020-03-01,,,,無料,オンライン授業,,#学びを止めない未来の教室（https://www.learning-innovation.go.jp/covid_19/）,,
,,,,オンライン学習アプリ「N予備校」,,個人,教育、学習支援,,,,,,"オンラインで自宅で学べるオールインワン学習アプリで家庭学習支援「N予備校」は、ドワンゴがN高と連携し独自に開発した、授業、教材（問題集・参考書）、Q＆Aシステムが一つになった学習アプリです。インターネットを活用することで、いつでもどこでも学習を進めることが可能です。
ライブ配信の生授業では、コメント機能を使って挙手や質問ができるなど双方向の参加型授業を受けることができ、アーカイブされた映像授業では、ノートを取る時に一時停止したり、わからなかった所は何度も見返すことができたりと、自分のペースで学べます。
また、大学受験の授業では、指導経験豊富で受験を知り尽くした実力派予備校講師陣、プログラミングでは、現役エンジニアが講師を務めます。両者は今回の無料開放によって、多くの生徒・保護者が抱える家庭学習への不安を解消する一助となればと考えています。",,,2020/3/1,,終了時期未定,,https://nnn.ed.jp/news/blog/archives/10023.html,株式会社ドワンゴ,,,,,,,,サービス提供,,新型コロナウイルス感染症,オンライン学習,,,,2020-02-29,,,,無料,オンライン授業,,#学びを止めない未来の教室（https://www.learning-innovation.go.jp/covid_19/）,,
,,,,ICT教材「eboard（イーボード）」,,個人利用・学校利用（両方）,教育、学習支援,,,,,,"ICT教材eboardは、インターネット環境があれば、パソコンやタブレット、スマートフォンなど環境を問わず、小中学校の内容を学習できます。2,500本の映像授業での丁寧な理解から、7,000問以上のデジタルドリルでの確認・定着まで、幅広くご利用頂けます。",,,,,,,https://info.eboard.jp/2020/02/27/coronavirus_action/,NPO法人eboard,,,,,サービス提供,,,サービス提供,,新型コロナウイルス感染症,オンライン学習,,,,2020-02-29,,,,無料,オンライン授業,,#学びを止めない未来の教室（https://www.learning-innovation.go.jp/covid_19/）,,
,,,,「gacco」,,個人利用・学校利用（両方）,教育、学習支援,,,,,,"さまざまなジャンルの講座を無料で受講することができます。
インターネットの基礎知識など家族で学べるコンテンツも提供しています。",,,,,,,https://gacco.org/,株式会社NTTドコモ,,,,,サービス提供,,,サービス提供,,新型コロナウイルス感染症,オンライン学習,,,,2020-03-03,,,,割引,オンライン授業,,#学びを止めない未来の教室（https://www.learning-innovation.go.jp/covid_19/）,,
,,,,「考える力養成講座」,,個人（中学・高校生向け）（先着100名様）,教育、学習支援,,,,,,学校で学んだ知識と経験を総動員して自ら「考え」「行動」し、「今、自分は何をすべきなのか？」という問いに立ち向かうためのオンライン講座「考える力養成講座」を全３回にわたって行います。,,,,,,,https://event.aigrow.jp/class_online,Institution for a Global Society 株式会社,,,,,,,,サービス提供,,新型コロナウイルス感染症,オンライン学習,,,,2020-03-05,,,,無料,オンライン授業,,#学びを止めない未来の教室（https://www.learning-innovation.go.jp/covid_19/）,,
,,,,遠隔授業・イベント配信向け　クラウド会議サービス 「Cisco Webex」,,教育機関,教育、学習支援,,,,,,クラウド型Web会議システム「Cisco Webex Meetings」を無償提供します。教育機関での遠隔授業、先生方同士の連絡手段として、また保護者の方々とのコミュニケーション、行事イベント等のライブ中継、録画配信（Facebook等とも連携できます。）にご利用いただけます。国内外問わず、これまで、世界各国の教育機関において活用実績も多数あります。,,,,,利用開始日より90日間,,"https://www.cisco.com/c/m/ja_jp/solutions/collaboration/webex90days.html?dti
d=odicdc000136
",シスコシステムズ合同会社,,,,,サービス提供,,,,,新型コロナウイルス感染症,Web会議,,,,2020-03-05,,,,無料,ビデオ会議,,#学びを止めない未来の教室（https://www.learning-innovation.go.jp/covid_19/）,,
,,,,すき！がみつかる　放課後「たのしーと」,,学童施設向け・家庭向け,教育、学習支援,,,,,,小学校低学年向けの遊びを無料で提供するWEBサービス。学童施設向けでしたが、小学校が休校となってご家庭にいるお子さま向けにも対象を拡大しました。遊びと学びのプロたちが 「子どもたちに夢中になって欲しい」という思いを込めて制作した「工作」「体あそび」「言葉」「数・図形」など、 幅広いジャンルの遊びのタネがそろっています。,,,,,,,https://houkago.asahi.com/,株式会社朝日新聞社,,,,,サービス提供,,,サービス提供,,新型コロナウイルス感染症,オンライン学習,,,,2020-03-05,,,,無料,オンライン授業,,#学びを止めない未来の教室（https://www.learning-innovation.go.jp/covid_19/）,,
,,,,サイエンス動画教材「MIT+K12ビデオ」,,個人,教育、学習支援,,,,,,"MIT（マサチューセッツ工科大学）が提供するサイエンス動画教材「MIT+K12ビデオ」（STEM教育ビデオ）を無償提供いたします。
すべての動画は1本５分程度で学習しやすく、動画数は13コース、110本以上です。
内容は物理、化学、生物、電気などのほか、デザイン、ニュークリアサイエンス、Science Out Loud（先進科学詰め合わせ）など。すべて日本語・英語字幕付きです。",,,,,,,https://www.asuka-academy.com/mitk12/index.html,NPO法人 Asuka Academy,,,,,,,,サービス提供,,新型コロナウイルス感染症,オンライン学習,,,,2020-03-04,,,,無料,オンライン授業,,#学びを止めない未来の教室（https://www.learning-innovation.go.jp/covid_19/）,,
,,,,休校中の子供たちにぜひ見て欲しい！科学技術の面白デジタルコンテンツ,,,教育、学習支援,,,,,,"休校中の子供たちにぜひ見て欲しい！科学技術の面白デジタルコンテンツ（科学技術広報研究会）
家庭で長い時間を過ごす子供達のために、全国の大学・研究機関の広報担当者有志（科学技術広報研究会《JACST》）が、自身が所属する研究機関のデジタルコンテンツの中から子供たちにぜひ見て欲しいと思う作品を集めたサイトを開設しました。",,,,,,,https://sites.google.com/view/jacst-for-kids/,科学技術広報研究会,,,,,サービス提供,,,サービス提供,,新型コロナウイルス感染症,オンライン学習,,,,2020-03-03,,,,無料,オンライン授業,,#学びを止めない未来の教室（https://www.learning-innovation.go.jp/covid_19/）,,
,,,,ウェブ会議システムCisco Webex Meetings,,企業等,ワークスタイル（テレワーク含む）,,,,,,テレワークで活用できるWeb会議システム「LiveOn」・リモートアクセスツール「RemoteOn」の導入支援・サポート,,,2020/2/25,,,,http://www.cisco.com/jp/go/webex90days,シスコシステムズ,,,,,サービス提供,,,,,新型コロナウイルス感染症,テレワーク,,,,2020-02-25,,,,無料,ビデオ会議,,（一社）日本テレワーク協会,,
,,,,ヘッドセット/スピーカーフォン,,企業等,ワークスタイル（テレワーク含む）,,,,,,テレワークに必要なヘッドセット/スピーカーフォンの無料トライアル実施中。100台以上のご購入を検討されているユーザー様に最大5台を無償でプレゼント。製品選定もサポート,,,2020/2/1,,,,https://www.jabra.jp/c/jp/wfh,GNオーディジャパン/ Jabra,,,,,現物支給・貸与,,,,,新型コロナウイルス感染症,テレワーク,,,,2020-02-01,,,,割引,遠隔作業環境,,（一社）日本テレワーク協会,,
,,,,テレワークリモートワーク環境,,企業等,ワークスタイル（テレワーク含む）,,,,,,VPN不要でセキュアなテレワークリモートワーク環境を最短5日で利用可能に。VPNやサーバ環境、専用端末が不要でセキュアなテレワーク環境を短期間で整備できるSoliton SecureDesktop（SSD）を提供しております。,,,,,,,https://www.axio.co.jp/lp/ssd/,アクシオ,,,,,サービス提供,,,,,新型コロナウイルス感染症,テレワーク,,,,,,,,無料,,,（一社）日本テレワーク協会,,
,,,,テレワークスタートガイド,,企業等,ワークスタイル（テレワーク含む）,,,,,,全社一斉テレワークのノウハウをまとめた「テレワークスタートガイド」を無償公開,,,2020/2/28,,,,https://www.lenovo.com/jp/ja/news/article/2020-02-28,レノボ・ジャパン,,,,,その他,,,,,新型コロナウイルス感染症,テレワーク,,,,2020-02-28,,,,無料,,,（一社）日本テレワーク協会,,
,,,,クラウド化やデータを守る情報セキュリティのコツ,,企業等,ワークスタイル（テレワーク含む）,,,,,,企業が東京オリンピック・パラリンピック前にやっておくべきデジタル対策」 クラウド化やデータを守る情報セキュリティのコツなど、具体的な方策をまとめました。,,,2020/3/2,,,,https://www.dunksoft.com/news/2020/3/2,ダンクソフト,,,,,その他,,,,,新型コロナウイルス感染症,テレワーク,,,,2020-03-02,,,,無料,,,（一社）日本テレワーク協会,,
,,,,テレワーク導入支援・運用サポート,,企業等,ワークスタイル（テレワーク含む）,,,,,,コンタクトセンターにおけるテレワーク導入支援・運用サポート,,,2020/3/3,,,,https://www.imacrea.co.jp/company/service-onstruction.html,イマクリエ,,,,,サービス提供,,,,,新型コロナウイルス感染症,テレワーク,,,,2020-03-03,,,,無料,,,（一社）日本テレワーク協会,,
,,,,UDトーク,,"教育機関, 行政機関",教育、学習支援,,,,,,官公庁、地方自治体及び教育機関で使用できるライセンスを１年間（更新可能）で無償提供します。,,,2020/3/1,,,,https://udtalk.jp/post-3782/,Shamrock Records株式会社,,,,,サービス提供,,,,,新型コロナウイルス感染症,コミュニケーション支援ツール,,,,,,,,無料,コミュニケーション支援,,CFJ,,
,,,,クラウド修正依頼ツール『AUN(アウン)』,,企業等,ワークスタイル（テレワーク含む）,,,,,,"この度、新型コロナウイルスの感染拡大対策としてテレワークを推進するために
無料版AUNの保存期間を、従来の7日より30日間へ拡大して提供させていただく事にしました。
みなさまの在宅勤務・遠隔勤務の一助になれば幸いです。 ",,,2020/3/2,,"利用開始から30日
一ヶ月程度",,https://aun.tools/media/?p=3307,株式会社フォノグラム,,,,,サービス提供,,,,,新型コロナウイルス感染症,修正依頼ツール,,,,2020-03-02,,,,無料,遠隔作業環境,,CFJ,,
,,,,moreNOTE【新型コロナウィルス対策版】,,,ワークスタイル（テレワーク含む）,,,,,,moreNOTEを新型コロナウイルス対策の業務支援ツールとして、テレワークや在宅勤務、遠隔会議の実施を必要としている企業に無償提供いたします。テレワーク時の遠隔会議や資料共有など、少しでも皆様の業務にお役立て頂ければ幸いです。,,,,,3か月,,https://www.morenote.jp/archives/1545/,3か月,,,,,サービス提供,,,サービス提供,,新型コロナウイルス感染症,業務支援ツール,,,,2020-02-27,,,,無料,,,CFJ,,
,,,,業務相談、講演等の無償提供,,企業への提供、自治体への提供、公的機関への提供、一般,ワークスタイル（テレワーク含む）,,,,,,テレワークについてのコンサルタントを無償提供,,,2020/2/1,未定,未定,,http://www.s-nakahara.com/rtmri/,株式会社 地域・技術経営総合研究所,,,,,サービス提供,,,,,新型コロナウイルス感染症,テレワーク,,,,2020-02-01,,,,無料,,,テレワーク・デイズ登録企業,,
,,,,ビジネスルームの使用,,企業等,ワークスタイル（テレワーク含む）,,,,,,宿泊施設とビジネスルームの共有利用,,,,,,,https://www.keyterrace.co.jp/,(株)白浜館,,,,,その他,,,,,新型コロナウイルス感染症,テレワーク,,,,,,,,無料,,,テレワーク・デイズ登録企業,,
,,,,PCAクラウド,,企業等,ワークスタイル（テレワーク含む）,,,,,,テレワークを導入する企業に対し、クラウド型基幹業務システム（会計・給与・販売管理など）を提供。体験利用はコロナ対策支援として、通常60日間を90日間に延長。体験申込者向け無償電話サポートサービスも提供。,,,,コロナ終息を目途,体験申込後、90日間,,https://pca.jp/area_top/20200302.html,ピー・シー・エー株式会社,,,,,サービス提供,,,,,新型コロナウイルス感染症,テレワーク,,,,2020-03-02,,,,無料,,,テレワーク・デイズ登録企業,,
,,,,Office 365 E1トライアル,,企業等,ワークスタイル（テレワーク含む）,,,,,,トライアルとなっておりますが、Office 365のトライアルは有償版と全く同じ内容が提供されています。Teamsを含むOffice 365 E1の全機能をお使い頂けます。,,,2020/3/5,,6か月間,,https://transform.microsoft.com/customer-trials?tab=o365e1trial,日本マイクロソフト株式会社,,,,,サービス提供,,,,,新型コロナウイルス感染症,テレワーク,,,,2020-03-05,,,,無料,,,（一社）全国地域情報化推進協会（APPLIC),,
,,,,Cisco Webex Meetings 90日間無償支援プログラムのお知らせ,,企業等,ワークスタイル（テレワーク含む）,,,,,,Cisco Webex Meetings（ウェブ会議システム）を90日間にわたってユーザー数無制限で利用いただける無償支援プログラム,,,2020/2/25,未定,,,https://www.cisco.com/c/m/ja_jp/solutions/collaboration/webex90days.html?dtid=odicdc000136,シスコシステムズ合同会社,,,,,サービス提供,,,,,新型コロナウイルス感染症,テレワーク,,,,2020-02-21,,,,無料,ビデオ会議,,テレワーク・デイズ登録企業,,
,,,,Netop Remote Control（ネトップ リモート コントロール）,,"個人, 企業等",ワークスタイル（テレワーク含む）,,,,,,"スリーワンシステムズ株式会社では、在宅勤務やテレワーク環境をインターネット経由で実現できる「Netop Remote Control」を30日間無償で提供しています。 
新型コロナウイルスの感染拡大の防止のために、よろしければお役立てください。",,,,,30日間,,https://its.tos.co.jp/topics/rcwcfree,スリーワンシステムズ株式会社,,,,,サービス提供,,,サービス提供,,新型コロナウイルス感染症,テレワーク,,,,2020-03-02,,,,無料,,,テレワーク・デイズ登録企業,,
,,,,テレワーク支援（WEB会議システムの無償提供）,,企業等,ワークスタイル（テレワーク含む）,,,,,,"利用にあたっての
・アカウント発行
・接続方法、操作マニュアルのご提供",,,提供済み,未定,利用開始してから31日間,,https://wakusuma.com/news/telework202003.html,WORK SMILE LABO,,,,,サービス提供,,,,,新型コロナウイルス感染症,テレワーク,,,,,,,,無料,ビデオ会議,,,,
,,,,クラウド修正依頼ツール『AUN(アウン)』,,企業等,ワークスタイル（テレワーク含む）,,,,,,遠隔での修正指示をスムーズに行えるツール『AUN』の無料保存期限を従来の7日より30日間に大幅拡大。ネットにつながったパソコンがあれば、誰でも簡単に利用できる。,,,2020/3/2,,,,https://aun.tools/,株式会社フォノグラム,,,,,サービス提供,,,,,新型コロナウイルス感染症,テレワーク,,,,2020-03-02,,,,無料,遠隔作業環境,,（一社）全国地域情報産業団体連合会,,
,,,,働き方改革ソリューション（コラボレーションサービス）,,企業等,ワークスタイル（テレワーク含む）,,,,,,"「Microsoft Teams」でWeb会議、チャット、資料共有などのチームコラボレーションを提供致します。
サービスは開始から30日無料でご利用可能。導入に際してのご支援は有料となります。",,,-,-,開始から30日,,https://www.city.co.jp/solution/workstylereform/office365/,株式会社シティアスコム,,,,,サービス提供,,,,,新型コロナウイルス感染症,テレワーク,,,,,,,,割引,ビデオ会議,,地方版IoT推進ラボ事務局,,
,,,,テレワーク音声コミュニケーションツール Xchat（クロスチャット）,,企業等,ワークスタイル（テレワーク含む）,,,,,,"テレワーク音声コミュニケーションツール Xchat（クロスチャット）を無料で提供します。
Xchatは音声によるコミュニケーションを促進するツールです。
＜主な機能＞
登録したキーを押しながら話すだけで、、同じルームの人とすぐ話せる。
カレンダー連携による予定やパソコン使用状況が可視化され今話しかけていいか分かる。
自分の画面を他の人に見せることができ、全員のマウス共有により指差しで会話がきる。",,,2020/3/3,,,,"https://prtimes.jp/main/html/rd/p/000000011.000040457.html

https://cross-chat.app/",株式会社GOWiDE,,,,,サービス提供,,,,,新型コロナウイルス感染症,テレワーク,,,,2020-03-03,,,,無料,コミュニケーション支援,,テレワーク・デイズ登録企業,,
,,,,テレワーク導入コンサルティング,,企業等,ワークスタイル（テレワーク含む）,,,,,,チャットやweb会議に不慣れな状態でテレワークを開始する方々を支援するため、テレワーク導入に関するコンサルティングを無償で行います,,,2020/3/3,,,,https://gowide-inc.consulting/,株式会社GOWiDE,,,,,サービス提供,,,,,新型コロナウイルス感染症,テレワーク,,,,2020-03-03,,,,無料,ビデオ会議,,テレワーク・デイズ登録企業,,
,,,,InterSafe CATSテレワーク支援パック無料試用版,,企業等,ワークスタイル（テレワーク含む）,,,,,,WebフィルタリングサービスとWi-FiをVPNで暗号化するセキュリティWi-FIサービスを併用することで、インターネット利用とネットワーク利用両方を安全に保ちテレワーク環境を整備する。,,,,,利用開始から30日間,,https://www.alsi.co.jp/security/blog/article/1505/,アルプス システム インテグレーション株式会社,,,,,サービス提供,,,,,新型コロナウイルス感染症,テレワーク,,,,,,,,無料,遠隔作業環境,,テレワーク・デイズ登録企業,,
,,,,Wi-Fi Security for Business無料試用版,,企業等,ワークスタイル（テレワーク含む）,,,,,,ワンタッチでWi-Fi通信をVPNで暗号化するサービス。iPhone、iPad、Android、Windowsに対応。30日間試用版を提供。,,,,,利用開始から30日間,,https://www.alsi.co.jp/security/wsb/,アルプス システム インテグレーション株式会社,,,,,サービス提供,,,,,新型コロナウイルス感染症,テレワーク,,,,,,,,無料,遠隔作業環境,,テレワーク・デイズ登録企業,,
,,,,InterSafe GatewayConnection無料試用版,,企業等,ワークスタイル（テレワーク含む）,,,,,,iOS、Android、Chromebook、Windowsで使えるマルチデバイス対応のWebフィルタリングサービス。テレワーク時のインターネット利用、業務システム等へのアクセスを安全に保つ。,,,,,利用開始から30日間,,https://www.alsi.co.jp/security/isgc/,アルプス システム インテグレーション株式会社,,,,,サービス提供,,,,,新型コロナウイルス感染症,テレワーク,,,,,,,,無料,遠隔作業環境,,テレワーク・デイズ登録企業,,
,,,,InterSafe CATS無料試用版,,企業等,ワークスタイル（テレワーク含む）,,,,,,iOS、Android、Windowsに対応したセキュアブラウザでテレワーク時のインターネット利用、業務システム等へのアクセスを安全に保つ。,,,,,利用開始から30日間,,https://www.alsi.co.jp/security/iscats/,アルプス システム インテグレーション株式会社,,,,,サービス提供,,,,,新型コロナウイルス感染症,テレワーク,,,,,,,,無料,遠隔作業環境,,テレワーク・デイズ登録企業,,
,,,,InterSafe ILP無料試用版,,企業等,ワークスタイル（テレワーク含む）,,,,,,ファイル暗号化やデバイス・ネットワーク利用の制御により端末データを保護。テレワーク時の情報流出に備えたセキュリティ強化を実現。クラウド対応。,,,,,利用開始から30日間,,https://www.alsi.co.jp/security/ilp/,アルプス システム インテグレーション株式会社,,,,,サービス提供,,,,,新型コロナウイルス感染症,テレワーク,,,,,,,,無料,遠隔作業環境,,テレワーク・デイズ登録企業,,
,,,,アーテック家庭学習教材無料公開サイト,,"個人, 企業等, 教育機関","教育・学習支援, その他",,,,,,幼児から高校生を対象に、家庭学習に家庭学習に活用できるそろばん速習ソフトやブロックパズル、電子書籍などを無料公開。,,,2020/3/9,,終了時期未定,,https://www.artec-kk.co.jp/special/fp/,株式会社アーテック,,,,,サービス提供,,,サービス提供,,新型コロナウイルス感染症,オンライン学習,,,,2020-03-10,,,,無料,オンライン授業,,（一社）超教育協会,,
,,,,テレワーク導入支援,,"個人, 企業等, 教育機関, 医療機関, 福祉施設",ワークスタイル（テレワーク含む）,,,,,,テレワークに必要なサービス・機器導入や規程の整備などを支援します。,,,2020/3/1,,終了時期未定,,https://intercloud.jp,株式会社インタークラウド,,,,,サービス提供,,,サービス提供,,新型コロナウイルス感染症,テレワーク,,,,2020-03-10,,,,割引,,,テレワーク・デイズ登録企業,,
,,,,コワーキングスペースBreath,,"個人, 企業等, 教育機関","教育・学習支援, ワークスタイル（テレワーク含む）, コミュニケーション",,,,,,赤ちゃんから使えるコワーキングスペースBreath。利用中の託児あり、小中高生の自習室としての利用もOKな多世代型コワーキングです。三鷹駅北口徒歩5分。,,,2018/11/26,,終了時期未定,,https://office-breath.com/cw/,株式会社Office Breath,,,,,サービス提供,,,サービス提供,,新型コロナウイルス感染症,テレワーク,,,,2020-03-10,,,,その他,オフィスなどの空間,,テレワーク・デイズ登録企業,,
,,,,コワーキングスペース　小学生の居場所,,"個人, 企業等","教育・学習支援, ワークスタイル（テレワーク含む）, 宿泊、飲食サービス, コミュニケーション",,,,,,コワーキングスペースの提供。1日を通して集中してお仕事がではかどるスペース。ドリンク、ランチ、軽食提供。お子様連れでのお仕事利用が可能。また、小学生の居場所として、子どものみの利用も可能（保護者との事前契約の上、子どもの見守り）,,,2019/8/1,,終了時期なし,,https://tsunagu-spot.com/,合同会社まなびの木,,,,,サービス提供,,,サービス提供,,新型コロナウイルス感染症,テレワークの促進施設,,,,2020-03-10,,,,その他,オフィスなどの空間,,テレワーク・デイズ登録企業,,
,,,,テレワーク,,"個人, 企業等",ワークスタイル（テレワーク含む）,,,,,,データ入力、経理、WEB制作、プログラミングなどや、在宅ワーク導入支援、企業の滞っている作業を登録しているワーカーが行います。,,,,,常時,,https://kirakiramama.jp/,株式会社ママLife,,,,,その他,,,その他,,新型コロナウイルス感染症,テレワーク,,,,2020-03-10,,,,その他,,,テレワーク・デイズ登録企業,,
,,,,コワーキングスペース,,"個人, 企業等",ワークスタイル（テレワーク含む）,,,,,,"ネクストデスクは、勉強、仕事、読書、作画などにお使いいただけるデスクワークスペースです。会員登録不要で1時間から利用可能。電源、Wi-Fi、フリードリンクなど、テレワークに必要なサービスをご用意しております。初回2時間無料キャンペーン実施中。
",,,,,,,https://next-desk.com/,Next DESK ネクストデスク,,,,,サービス提供,,,サービス提供,,新型コロナウイルス感染症,テレワーク,,,,2020-03-10,,,,その他,オフィスなどの空間,,日本テレワーク協会,,
,,,,広くて、格安な コワーキングスペース,,企業等,"ワークスタイル（テレワーク含む）, コミュニケーション",,,,,,"東京都台東区、秋葉原7分・浅草橋4分の格安なコワーキングスペース。
ゆったりとテーブルを配置した広いWorkスペース。Wi-Fi + 電源 Free。",,,2016/11/7,,,,https://puzzle-scs.jp/akb/coworking,レンタルスペース＆カフェ　パズル浅草橋,,,,,サービス提供,,,,,新型コロナウイルス感染症,コワーキング,,,,2020-03-10,,,,その他,オフィスなどの空間,,テレワーク・デイズ登録企業,,
,,,,ビジネスチャット「WowTalk（ワウトーク）」,,"企業等, 教育機関, 医療機関, 福祉施設, 行政機関, ビジネスチャットという「コミュニケーションツール」を提供させていただくため、すべての業種でご利用いただくことができ、しいて言えば（個人ではなく）企業や団体、企業内の一部の組織というように複数人での利用であれば対象者の縛りは特にございません。","ワークスタイル（テレワーク含む）, コミュニケーション",,,,,,"ワウテックが開発・提供する「WowTalk（ワウトーク）」は、『直感的な操作性』『導入教育いらず』『数万規模の導入実績を誇る安全性』という特徴を持つ、高いリピート率（満足度）を誇るビジネスチャットです。
働く環境を選ばない、いつ・どこにいてもスマートフォンやPCから、メッセージやスタンプ、画像ファイル、ドキュメントファイルなどのやりとりが可能。これまでに5,000社以上の利用実績を持ちます。
「トーク」「共有（タイムライン）」「無料通話」「タスク管理」という基本機能のほか、弊社が掲げるサービスコンセプト「Communication-Rebuild」のもと、「言語」「距離・時間」「個性」「温度・感情」「経験」という５つの視点から、翻訳機能、複数人ビデオ通話、予約投稿、絵文字リアクション、緊急時の一時安否確認機能などが搭載された、より快適かつスムーズな職場環境の醸成に貢献するサービスです。",,,2014/3/25,,"2020年3月25日でサービスリリースしてから丸6周年。今年で7年目に突入します。すでに利用社数は5,000社超を突破し、1社あたりのご契約アカウント数は、下は数十アカウントから、上は数十万アカウントという規模で導入いただいております。現在、2月3日から一旦3月31日まで（延長の可能性もあり）在宅勤務・テレワークをはじめようとする企業をサポート・支援する目的から特別プランをご用意しております。サービス自体は、もちろん、弊社の主軸となるサービスであり、永続的に続くものです。",,https://www.wowtalk.jp/,ワウテック株式会社,,,,,サービス提供,,,,,新型コロナウイルス感染症,ビジネスチャット,,,,2020-03-10,,,,割引,,,日本テレワーク協会,,
,,,,情報の紹介、調査、研究,,"個人, 企業等, 行政機関",ワークスタイル（テレワーク含む）,,,,,,テレワークやデマンド交通等に対する研究・セミナー等を行い、地域活性化のサポートに取り組んでいます。,,,,,,,https://narachiikishisan.blog.fc2.com/,奈良地域資産研究会,,,,,サービス提供,,,サービス提供,,新型コロナウイルス感染症,テレワーク,,,,2020-03-11,,,,無料,,,テレワーク・デイズ登録企業,,
,,,,新型コロナウィルス感染拡大予防のためのテレワーク活用セミナー,,"個人, 企業等, 教育機関, 医療機関, 福祉施設, 行政機関",ワークスタイル（テレワーク含む）,,,,,,新型コロナウイルス感染予防対策として、急遽テレワーク導入・活用をする際のステップやポイント、便利なテレワークツールや取組事例の紹介をWEBセミナーにて開催します。また、国や東京都から発表されている支援策・助成金等についてもお伝えします。,,,2020/3/2,,2020年3月から毎月開催,,https://tokyo-telework.jp/seminarevent,東京テレワーク推進センター,,,,,その他,,,その他,,新型コロナウイルス感染症,テレワーク,,,,2020-03-10,,,,無料,,,テレワーク・デイズ登録企業,,
,,,,TOKYOテレワークアプリ,,"個人, 企業等, 教育機関, 医療機関, 福祉施設, 行政機関",ワークスタイル（テレワーク含む）,,,,,,"テレワークの導入・実践に必要な情報を入手できるほか、テレワーク推進セミナー等のお申込みやサテライトオフィス等の検索、簡易テレワーク勤怠管理など、便利な機能が盛沢山の
東京都公式スマートフォンアプリです。",,,2020/3/2,,継続提供予定,,https://tokyo-telework.jp/lp/2002app/index.html,東京テレワーク推進センター,,,,,サービス提供,,,サービス提供,,新型コロナウイルス感染症,テレワーク,,,,2020-03-10,,,,無料,,,テレワーク・デイズ登録企業,,
,,,,サテライトオフィス検索,,"個人, 企業等, 教育機関, 医療機関, 福祉施設, 行政機関",ワークスタイル（テレワーク含む）,,,,,,"地図上で、今いる場所の周辺にあるサテライトオフィスやコワーキングスペース、ワークスペースとしても利用できるカフェや公共施設などを簡単に探すことができます。
また、所在エリアやフリーワード等から東京都内及び近郊のサテライトオフィス等を検索することができます。",,,2020/3/2,,継続提供予定,,https://tokyo-telework.jp/office,東京テレワーク推進センター,,,,,サービス提供,,,サービス提供,,新型コロナウイルス感染症,テレワーク,,,,2020-03-10,,,,無料,オフィスなどの空間,,テレワーク・デイズ登録企業,,
,,,,コワーキングスペースドロップイン（一時利用）は無料 什器備品利用料無料です。,,"個人, 企業等, 教育機関, 医療機関, 福祉施設, 行政機関",ワークスタイル（テレワーク含む）,,,,,,コワーキングスペースドロップイン（一時利用）は無料。プロジェクター、スクリーンなど什器備品利用料無料でできます。駐車場（無料）完備,,,2020/3/2,,新型コロナウイルスが終息の目途がつくまで,,http://www.ne.jp/asahi/azuminoict/hp/,安曇野コワーキングスペース,,,,,現物支給・貸与,,,現物支給・貸与,,新型コロナウイルス感染症,テレワーク,,,,2020-03-11,,,,無料,オフィスなどの空間,,テレワーク・デイズ登録企業,,
,,,,コワーキングスペース,,個人,ワークスタイル（テレワーク含む）,,,,,,職種、フリーランス、会社員、役職の区別なくスペースを共有しながら独立した仕事を行うコワーキングスペースの提供,,,,,,,https://beatlebil.com/,株式会社ＣＤＩ,,,,,,,,サービス提供,,新型コロナウイルス感染症,ワークスペース,,,,2020-03-11,,,,割引,オフィスなどの空間,,シェアリングエコノミー協会,,
,,,,/Bangarrow,,"個人, 企業等, 教育機関, 医療機関",ワークスタイル（テレワーク含む）,,,,,,"JR横浜駅から徒歩5分
横浜の海が一望できる高層階にあるコワーキングスペース",,,2018/2/15,,,,https://www.bangarrow.com/,ネットフォレスト,,,,,サービス提供,,,サービス提供,,新型コロナウイルス感染症,コワーキングスペース,,,,2020-03-11,,,,その他,オフィスなどの空間,,日本インターネットプロバイダー協会,,
,,,,「Streamline（ストリームライン）」,,"企業等, 教育機関, 医療機関, 福祉施設, 行政機関",ワークスタイル（テレワーク含む）,,,,,,テレワークでも支払い依頼や稟議、その他各種申請を既存の帳票レイアウトのままシステム化して利用していただけます。,,,,,試用期間として１か月フル機能を無料で利用できます。（終了時期未定）,,https://streamline.mitori.co.jp/,株式会社ミトリ,,,,,サービス提供,,,,,新型コロナウイルス感染症,クラウド型ワークフロー,,,,2020-03-11,,,,無料,情報通信,,テレワーク・デイズ登録企業,,
,,,,サテライトオフィス多摩センター,,企業等,"ワークスタイル（テレワーク含む）, その他",,,,,,厚労省委託事業・「仕事と子育てを支援する」サテライトオフィスのモデル事業として、3月末まで無料でサテライトオフィスをご利用いただけます。,,,,,サテライトオフィス多摩センターの無料利用は3月末まで。4月以降は法人会員登録（年間10万円~）していただいてからご利用いただけます,,http://mhlw.c-mam.co.jp/index.php,株式会社キャリア・マム,,,,,サービス提供,,,,,新型コロナウイルス感染症,サテライトオフィスの無料提供（3月末まで）、一時保育,,,,2020-03-11,,,,無料,オフィスなどの空間,,日本テレワーク協会,,
,,,,スラスラスラック,,"企業等, 教育機関, 医療機関, 福祉施設, 行政機関","ワークスタイル（テレワーク含む）, コミュニケーション",,,,,,"業務コラボレーションツールであるSlackの導入支援を行っています。
（初期設定、支払い代行、利用ガイドライン提供、教育サービスの提供）",,,2019/12/1,,,,http://slack.ids.co.jp/,株式会社アイディーエス,,,,,サービス提供,,,,,新型コロナウイルス感染症,チャットツール（Slack）の導入支援サービス,,,,2020-03-11,,,,割引,コミュニケーション支援,,テレワーク・デイズ登録企業,,
,,,,IT-Guardians IT資産管理サービス,,"企業等, 教育機関, 医療機関, 福祉施設, 行政機関",ワークスタイル（テレワーク含む）,,,,,,社外に持ち出したPCやタブレット、スマートフォンなどのIT機器を対象に、クラウドで資産管理やセキュリティ管理の機能を提供するサービスです。,,,,,,,https://www.konicaminolta.jp/business/service/it-guardians/ism/index.html,コニカミノルタジャパン株式会社,,,,,サービス提供,,,,,新型コロナウイルス感染症,テレワーク,,,,2020-03-11,,,,その他,遠隔作業環境,,日本テレワーク協会,,
,,,,Dispatcher Phoenix,,"企業等, 教育機関, 医療機関, 福祉施設, 行政機関",ワークスタイル（テレワーク含む）,,,,,,"コニカミノルタ複合機とDP Phoenixで事務所に届くFAXの確認作業はテレワーク先でも可能に。DP Phoenixは30日間無料トライアル可能(要設定費)。
",,,,,,,https://businesssolution.konicaminolta.jp/business/products/dispatcher-phoenix/index.html,コニカミノルタジャパン株式会社,,,,,サービス提供,,,,,新型コロナウイルス感染症,テレワーク,,,,2020-03-11,,,,その他,遠隔作業環境,,日本テレワーク協会,,
,,,,ベトナムオフショア,,企業等,その他,,,,,,パンデミックやBCPや人材不足の問題解決にベトナム1200名のエンジニアオフショアを活用,,,,,期限はないです,,http://ima-o.com/,株式会社IMAO,,,,,サービス提供,,,,,新型コロナウイルス感染症,アウトソーシング,,,,2020-03-11,,,,割引,,,テレワーク・デイズ登録企業,,
,,,,いいオフィス上野 by LIG,,"個人, 企業等",ワークスタイル（テレワーク含む）,,,,,,"会員登録、事前予約不要！2時間600円、1日2,000円で気軽に利用できるコワーキングスペースです。Wifi/電源/フリードリンク完備なので、テレワークにぴったりです。",,,,,,,https://ii-office.jp/ueno-by-lig/,株式会社LIG,,,,,サービス提供,,,サービス提供,,新型コロナウイルス感染症,テレワーク,,,,2020-03-11,,,,その他,オフィスなどの空間,,テレワーク・デイズ登録企業,,
,,,,メール共有システムRe:lation,,企業等,コミュニケーション,,,,,,Re:lationは、メール・SNSといったお問い合わせ窓口を一元管理し、チームで共有できるSaaS型ウェブサービスです。互いの対応状況を可視化し、分担して対応することで効率化・品質向上に寄与します。,,,,,開始から20日間無料,,https://ingage.jp/relation/,株式会社インゲージ,,,,,サービス提供,,,,,新型コロナウイルス感染症,テレワーク,,,,2020-03-11,,,,その他,,,テレワーク・デイズ登録企業,,
,,,,RevoWorks,,"企業等, 教育機関, 医療機関, 行政機関",ワークスタイル（テレワーク含む）,,,,,,ローカルコンテナ機能を用いて、セキュアブラウザー機能と仮想デスクトップ機能を提供するテレワークソリューション。,,,2019/10/1,,終了時期未定,,https://jscom.jp/revoworks/,ジェイズ・コミュニケーション株式会社,,,,,サービス提供,,,,,新型コロナウイルス感染症,セキュアテレワークソリューション,,,,2020-03-11,,,,割引,,,日本ネットワークセキュリティ協会,,
,,,,コワーキングスペース・Somethin' Else,,"個人, 企業等, 教育機関",ワークスタイル（テレワーク含む）,,,,,,快適なテレワーク環境を提供します。,,,2013/8/1,,,,https://somethingelse.jp/,株式会社フェアマインド,,,,,サービス提供,,,サービス提供,,新型コロナウイルス感染症,コワーキングスペース、シェアオフィス経営,,,,2020-03-11,,,,その他,オフィスなどの空間,,シェアリングエコノミー協会,,
,,,,「GB NAVI　IP,,企業等,その他,,,,,,中国の政府機関などが発表した「新型コロナウイルス」に関する情報の中から、日本企業のみなさまのお役に立つと思われる現地の生情報を日本語化して日々提供しています。,,,2020/2/20,,終了時期未定,,https://gbnavi.jp/,株式会社フォトハイウェイ・ジャパン,,,,,サービス提供,,,,,新型コロナウイルス感染症,中国政府機関が発表する新型コロナウイルスの関連情報の提供,,,,2020-03-11,,,,無料,,,コンピュータソフトウェア協会,,
,,,,Netop Remote Control（ネトップ リモート コントロール）,,"個人, 企業等, 教育機関, 医療機関, 福祉施設, 行政機関",ワークスタイル（テレワーク含む）,,,,,,「Netop Remote Control」は、高いセキュリティと安定した接続を保持し、クラウドベースで利用できることから、インターネット環境とPC端末があればすぐに自宅と会社間を遠隔で接続し、リモートワークを簡単にスタートすることができる製品です。,,,,,新型コロナウイルス対策のため、在宅勤務/テレワーク導入の支援を実施しています。利用開始から30日間は無償でご利用可能です。,,https://its.tos.co.jp/topics/rcwcfree,スリーワンシステムズ株式会社,,,,,サービス提供,,,サービス提供,,新型コロナウイルス感染症,テレワーク,,,,2020-03-11,,,,無料,遠隔作業環境,,テレワーク・デイズ登録企業,,
,,,,チャットブック,,"企業等, 行政機関",ワークスタイル（テレワーク含む）,,,,,,SNSを使ったマーケティングオートメーションツール。SNS上での新規顧客獲得を自動化し、オンラインでの効率的な販促・営業を促します。,,,2017/9/11,,終了時期未定,,https://chatbook.ai,株式会社チャットブック,,,,,サービス提供,,,,,新型コロナウイルス感染症,営業効率化,,,,2020-03-11,,,,無料,遠隔作業環境,,日本テレワーク協会,,
,,,,白馬ノルウェービレッジ,,"個人, 企業等, 教育機関","ワークスタイル（テレワーク含む）, 宿泊、飲食サービス",,,,,,"白馬村でコワーキングスペース、イベントスペース、シェアオフィスを運営しています。
人混みから離れて仕事や勉強をしたい方にスペースの開放をいたします。
基本無料の施設ですが、期間中貸し切りなどの対応をいたします。
",,,2020/3/1,,コロナウィルスによる世の中の自粛がおさまるまで,,https://hnv.jp,しくみ株式会社,,,,,サービス提供,,,サービス提供,,新型コロナウイルス感染症,テレワーク施設の開放,,,,2020-03-11,,,,無料,オフィスなどの空間,,その他,,
,,,,セキュアモバイル定額通信サービス,,"企業等, 教育機関, 医療機関, 福祉施設, 行政機関",ワークスタイル（テレワーク含む）,,,,,,在宅勤務・モバイルワーク・サテライトオフィスなど、場所を選ばず社内ネットワークへアクセスできるので、今までは社内に居ないとできなかった業務が、社外からでも可能になります。初月利用分を無償提供いたします。,,,,,利用開始から1ヶ月,,https://workstyle.cec-ltd.co.jp/solution/mobile_network.html,株式会社シーイーシー,,,,,サービス提供,,,,,新型コロナウイルス感染症,テレワーク,,,,2020-03-11,,,,その他,,,日本テレワーク協会,,
,,,,テレワーク支援ロボット　OriHime,,"個人, 企業等, 教育機関, 医療機関, 福祉施設, 行政機関","教育・学習支援, ワークスタイル（テレワーク含む）, 医療、福祉, コミュニケーション",,,,,,簡単にテレワーク・在宅勤務開始支援,,,2020/3/2,,1ヶ月単位での利用が可能,,https://orylab.com/,株式会社オリィ研究所,,,,,現物支給・貸与,,,現物支給・貸与,,新型コロナウイルス感染症,テレワーク・在宅勤務,,,,2020-03-11,,,,その他,,,日本テレワーク協会,,
,,,,grow,,"個人, 企業等, 教育機関",生活関連サービス、娯楽,,,,,,ビルの屋上や、商業施設などの屋内、ご自宅のベランダなどあらゆるところで野菜栽培を可能にするAgriculture as a Serviceプラットフォーム『grow』を展開。独自開発のIoT+AIを搭載したハードウェア「grow connecet」で育てるたのしさを可視化し、コミュニティと連携し、育てた野菜を近隣の飲食店へ持ち寄り食べるよろこびを分かち合えるサービスです。,,,2020/3/10,,コロナウィルスの落ち着きが見えるまで。,,https://plantio.co.jp/,プランティオ株式会社,,,,,現物支給・貸与,,,現物支給・貸与,,新型コロナウイルス感染症,自宅で栽培できる野菜のタネの配布,,,,2020-03-11,,,,無料,,,シェアリングエコノミー協会,,
,,,,マイホームアプリ「knot」,,企業等,"ワークスタイル（テレワーク含む）, コミュニケーション",,,,,,マイホームアプリ「knot」は住宅工務店向け接客支援クラウドです。お客様や施主様とのチャットやクラウド情報共有などのサービスを提供しています。今回、knotの新規導入企業様向けにテレワーク環境構築アドバイスを含む「テレワーク導入支援プラン」をご用意しております。,,,,,テレワーク導入支援プランのみ受付は2020年5月12日まで（基本プランに利用期間の制限はありません）,,https://sousei-tech.com/pr/knot_2020-03-09_remotework/,株式会社SOUSEI Technology,,,,,サービス提供,,,,,新型コロナウイルス感染症,住宅工務店のための接客・営業支援クラウド,,,,2020-03-11,,,,その他,,,その他,,
,,,,コワーキングスペース,,"個人, 企業等",ワークスタイル（テレワーク含む）,,,,,,300円/時でコワーキングスペースを提供。融資制度と補助金関連の情報提供及び支援も行っています。,,,,,,,https://matsudo-startup.jp/,松戸スタートアップオフィス,,,,,サービス提供,,,サービス提供,,新型コロナウイルス感染症,テレワーク,,,,2020-03-11,,,,その他,オフィスなどの空間,,テレワーク・デイズ登録企業,,
,,,,?オンライン英会話レッスン（グループレッスン）,,個人,教育、学習支援,,,,,,日本の小学生を対象にオンライン英会話レッスンを無料で提供いたします。アプリや動画を使った学習ではなく、フィリピン・セブ島から英語教師がライブで行う授業になります。午前9時から午後 6時の時間帯にて、授業を受けることが可能です。,,,,,,,https://qqenglish.page/forchildren/,株式会社QQ English,,,,,,,,サービス提供,,新型コロナウイルス感染症,オンライン学習,,,,2020-03-11,,,,無料,オンライン授業,,#学びを止めない未来の教室（https://www.learning-innovation.go.jp/covid_19/）,,
,,,,「プログラミングクエスト」,,個人,教育、学習支援,,,,,,プログラミングクエストは沖縄女子短期大学との共同研究により、効果的な動画学習を目指して開発されたど学習教材です。パソコンに慣れ親しむ、プログラミングの仕組みを知るということをコンセプトに、3年半でのべ1万人が体験しました。小中高の学生や教員の方にも研修で用いられ、大人から子供まで楽しみながらプログラミング学習をすすめることが出来ます。,,,,,,,https://school.tsukurukids.com/,一般社団法人ツクル,,,,,,,,サービス提供,,新型コロナウイルス感染症,オンライン学習,,,,2020-03-10,,,,無料,オンライン授業,,#学びを止めない未来の教室（https://www.learning-innovation.go.jp/covid_19/）,,
,,,,らくーざ,,企業等,ワークスタイル（テレワーク含む）,,,,,,在宅勤務を導入する企業に社員の出社状況がわかるシステムを提供,,,2020/3/10,,利用開始から1ヶ月間は無料,,https://www.racooza.com/zaitaku/,日本事務器株式会社,,,,,サービス提供,,,,,新型コロナウイルス感染症,テレワーク,,,,2020-03-11,,,,無料,遠隔作業環境,,コンピュータソフトウェア協会,,
,,,,ペーパレス会議システム「moreNOTE」無償提供,,"企業等, 行政機関",ワークスタイル（テレワーク含む）,,,,,,ペーパーレス会議システム「moreNOTE」を、テレワークや在宅勤務、遠隔会議の実施を必要としている企業に無償提供しています。,,,2020/2/27,,受付終了時期は未定（利用期間は登録後３カ月間）,,https://www.morenote.jp/archives/1545/?fm=news,富士ソフト株式会社,,,,,サービス提供,,,,,新型コロナウイルス感染症,テレワーク,,,,2020-03-12,,,,無料,遠隔作業環境,,日本ネットワークセキュリティ協会,,
,,,,スマート配信,,"企業等, 教育機関, 医療機関, 福祉施設, 行政機関",コミュニケーション,,,,,,【新型コロナウィルス等の緊急連絡に！】企業団体内の一斉連絡、安否確認等を迅速・確実に実現できます。,,,,,,,https://www.a-i-d.co.jp/solution/our_products/mail_deli.html,株式会社アドヴァンスト・インフォーメイション・デザイン,,,,,サービス提供,,,,,新型コロナウイルス感染症,情報配信、一斉配信、スピード導入、安価、スマートフォン・ガラケーに対応,,,,2020-03-12,,,,その他,,,全国地域情報産業団体連合会,,
,,,,TRUST DELETE prime,,"個人, 企業等, 教育機関, 医療機関, 福祉施設, 行政機関",ワークスタイル（テレワーク含む）,,,,,,"モバイルパソコンの盗難・紛失時は、リモートロック・消去でデータ漏えいを防止します。オフラインでも自律制御セキュリティ機能が監視ポリシーの違反を検知すると大音量アラームやロック・消去でパソコンとデータを保護します。
自律制御セキュリティ機能は持ち出し禁止パソコンの不正利用の防止にも有効です。",,,2020/3/1,,利用開始から3か月,,https://www.onebe.co.jp/2020TDM/index.html,ワンビ株式会社,,,,,サービス提供,,,サービス提供,,新型コロナウイルス感染症,テレワーク、セキュリティ、情報漏えい対策,,,,2020-03-12,,,,無料,遠隔作業環境,,コンピュータソフトウェア協会,,
,,,,テレワークシステム評価貸出、提案/導入支援,,企業等,ワークスタイル（テレワーク含む）,,,,,,テレワーク（リモートワーク）システムの評価ライセンスの無償貸し出し（30日間）。製品調達仕様にあわせ複数製品から製品選定し提案および導入作業を支援（有償提供）。,,,2020/3/10,,指定なし,,https://www.tdi.co.jp,情報技術開発株式会社,,,,,サービス提供,,,,,新型コロナウイルス感染症,テレワーク,,,,2020-03-12,,,,その他,,,情報サービス産業協会（JISA）,,
,,,,需要予測型自動発注システム「sinops」,,企業等,その他,,,,,,"万一感染者が発生もしくは拡大を防止するための措置により、濃厚接触者は一定期間自宅待機となります。 発注担当者の不在に備え、当社の自動発注ノウハウから簡易的な発注データ（先14日分）を無償でご提供させていただきます。
",,,2020/3/11,,終了時期未定,,https://www.sinops.jp/wp-main/wp-content/uploads/2020/03/againstvirus-1.pdf,株式会社シノプス,,,,,サービス提供,,,,,新型コロナウイルス感染症,先14日間の緊急用発注データの無償提供,,,,2020-03-12,,,,無料,,,その他,,
,,,,オンラインおうち学校,,"教育機関, 非営利型一般社団法人",教育・学習支援,,,,,,各界の第一人者から授業を受けられるオンライン学校です。社会、理科、英語、国語、体育など、学校の授業では聞けない一歩進んだ、一歩踏み込んだ内容を提供しています。専門家の先生方に直接質問できるのもオンライン学校の醍醐味です。,,,2020/3/2,,一斉休校期間は継続し、その後も、ハイブリッドスクーリングの可能性の一つとしてサービス提供を続ける所存です。,,https://www.alba-edu.org/onlineouchigakko/,一般社団法人アルバ・エデュ,,,,,サービス提供,,,,,新型コロナウイルス感染症,オンライン授業,,,,2020-03-12,,,,割引,オンライン授業,,その他,,
,,,,Blink community,,"個人, 企業等","ワークスタイル（テレワーク含む）, その他",,,,,,コワーキングスペース&シェアオフィス の運営をしております。この度、WEB会議システムを導入し、テレワーク環境を整えました。入居企業以外に一日利用でテレワークが必要な方には、機材の無料レンタルを開始しました。,,,2020/3/2,,終了期間未定,,https://www.blinkcommunity.com/?lang=ja,Blink Roppongi合同会社,,,,,サービス提供,,,サービス提供,,新型コロナウイルス感染症,テレワーク用WEB会議機材無料レンタル,,,,2020-03-12,,,,その他,オフィスなどの空間,,テレワーク・デイズ登録企業,,
,,,,イマキク,,"個人, 企業等, 教育機関, 医療機関, 福祉施設, 行政機関, MICE、セミナー・イベント・学会、会社説明会・社内研修など、ライブ配信対応が必要な企業も対応可能","教育・学習支援, ワークスタイル（テレワーク含む）, コミュニケーション",,,,,,"自分のスマホ・タブレット・PCから、QRコードを読取るだけで、即リアルタイム投票・コメント投稿ができます。
ライブ配信による会社説明会・イベント・セミナー・学会、MICE、会議などを実施する方は試してください。",,,2020/3/1,,会員登録するだけ！基本機能はずっと無料で利用できます,,https://imakiku.com,株式会社天問堂,,,,,サービス提供,,,サービス提供,,新型コロナウイルス感染症,リアルタイム投票・コメント投稿・アンケート（アプリ不要で即使える）,,,,2020-03-12,,,,無料,遠隔作業環境,,その他,,
,,,,WEB会議機器無料貸し出し,,"個人, 企業等, 教育機関, 医療機関, 福祉施設, 行政機関","ワークスタイル（テレワーク含む）, コミュニケーション, その他",,,,,,WEB会議等で必要なカメラ・ヘッドホン・モニター・大型モニター・プロジェクターなどを無料貸し出し致します。,,,2020/3/12,,終了時期未定,,https://www.incubation-office-agora.com,コワーキングスペースBUSO AGORA,,,,,サービス提供,,,サービス提供,,新型コロナウイルス感染症,テレワーク,,,,2020-03-12,,,,無料,遠隔作業環境,,テレワーク・デイズ登録企業,,
,,,,TENT幕張,,"個人, 企業等",ワークスタイル（テレワーク含む）,,,,,,千葉にお住まいで都内までの通勤にご苦労されている方にテレワークスペースをご提供しております。一時利用（ドロップイン）は9:00-24:00まで（土日は20:00まで）ご利用いただけます。,,,2020/3/1,,終了時期未定,,https://www.tent-makuhari.com,ステップチェンジ株式会社,,,,,サービス提供,,,サービス提供,,新型コロナウイルス感染症,千葉市のコワーキングスペース,,,,2020-03-12,,,,その他,オフィスなどの空間,,テレワーク・デイズ登録企業,,
,,,,FUJITSU Infrastructure System Integration デスクトップ仮想化サービス,,企業等,ワークスタイル（テレワーク含む）,,,,,,仮想化・シンクライアント・セキュリティなどの様々な技術をベースに”いつでも・どこでも安全・安心・快適なデスクトップ環境”をご提供いたします。,,,,,,,https://www.fujitsu.com/jp/fsas/services/application-services/application-development-integration/cloud/desktop/,株式会社富士通エフサス,,,,,サービス提供,,,,,新型コロナウイルス感染症,テレワーク,,,,2020-03-12,,,,その他,遠隔作業環境,,テレワーク・デイズ登録企業,,
,,,,FUJITSU Security Solution機密情報保護＆共有ソリューション RightspiaR for Secure Documents,,企業等,ワークスタイル（テレワーク含む）,,,,,,社外から社内ネットワークにアクセスすることにより、情報漏えいの危険性がより高まります。パスワード不要のファイル暗号化により、シンプルな運用で強固に機密情報を保護することができます。,,,,,,,https://www.fujitsu.com/jp/fsas/solutions/business-technology/security/rightspia/,株式会社富士通エフサス,,,,,現物支給・貸与,,,,,新型コロナウイルス感染症,テレワーク,,,,2020-03-12,,,,その他,遠隔作業環境,,テレワーク・デイズ登録企業,,
,,,,FUJITSU Security Solutionセコム電子証明書サービス,,企業等,ワークスタイル（テレワーク含む）,,,,,,セコムトラストシステムズ社で厳重に管理されている認証局にて信頼性の高い証明書を発行し、正しいデバイスからのみシステムへの接続を許可するなど、なりすましを防止します。,,,,,,,https://www.fujitsu.com/jp/fsas/solutions/business-technology/security/secom/private-ca/index.html,株式会社富士通エフサス,,,,,サービス提供,,,,,新型コロナウイルス感染症,テレワーク,,,,2020-03-12,,,,その他,遠隔作業環境,,テレワーク・デイズ登録企業,,
,,,,FUJITSU Managed Infrastructure Service スマートデバイス-LCMサービス,,企業等,ワークスタイル（テレワーク含む）,,,,,,様々な職種や環境で利用されるスマートデバイスをICTの視点から企画・設計・導入展開・運用までワンストップで提供します。,,,,,,,https://www.fujitsu.com/jp/fsas/services/infrastructure/end-user-services/system/smartdevice-lcm/,株式会社富士通エフサス,,,,,サービス提供,,,,,新型コロナウイルス感染症,テレワーク,,,,2020-03-12,,,,その他,遠隔作業環境,,テレワーク・デイズ登録企業,,
,,,,オリジン・オンライン英会話,,"個人, 企業等, 教育機関",教育・学習支援,,,,,,"オリジン・オンライン英会話は子ども専門のオンライン英会話サービスです。
ネイティブの先生と毎日、オンラインで英語が学べます。
予約不要、時間固定、２０回／月、２０分／回、無料の専用ソフト、入学金なし
割引価格：12000円／月
",,,,,,,http://www.originedu.jp/,INTERLINE株式会社,,,,,サービス提供,,,サービス提供,,新型コロナウイルス感染症,オンライン英会話,,,,2020-03-12,,,,割引,オンライン授業,,日本情報技術取引所,,
,,,,Gakken 家庭学習応援サイト,,個人,教育・学習支援,,,,,,小学校・中学校・高等学校・特別支援学校の臨時休校中に家庭でできる教材を無料で提供いたします。ぜひお役立てください。,,,2020/3/2,,未定（開始時は3月31日を予定していましたが、状況に応じて延長の方針です。）,,https://www.gakken.co.jp/homestudy-support/,株式会社学研ホールディングス,,,,,,,,サービス提供,,新型コロナウイルス感染症,オンライン学習,,,,2020-03-12,,,,無料,オンライン授業,,日本教育情報化振興会,,
,,,,サテライトオフィス誘致、テレワーク拠点の紹介,,企業等,行政サービス等,,,,,,企業等からの問い合わせ対応、視察の受入れ、コワーキングスペースなどテレワーク拠点の紹介、地域情報の発信、企業間マッチングの促進,,,新型コロナ以前より開始,,,,http://nishiawa-so.com/,徳島県西部総合県民局　にし阿波サテライトオフィスコンシェルジュ,,,,,サービス提供,,,,,新型コロナウイルス感染症,テレワーク,,,,,,,,その他,オフィスなどの空間,,テレワーク・デイズ登録団体,,
,,,,サテライトオフィス誘致、テレワーク拠点の紹介,,企業等,行政サービス等,,,,,,企業等からの問い合わせ対応、視察の受入れ、コワーキングスペースなどテレワーク拠点の紹介、地域情報の発信、企業間マッチングの促進,,,新型コロナ以前より開始,,,,http://www.city.mima.lg.jp/gyousei/kurashi/ijyusokushin/sateraito_so.html,美馬市　美馬市サテライトオフィス体験施設「創～so～」,,,,,サービス提供,,,,,新型コロナウイルス感染症,テレワーク,,,,,,,,その他,オフィスなどの空間,,テレワーク・デイズ登録団体,,
,,,,サテライトオフィス誘致、テレワーク拠点の紹介,,企業等,行政サービス等,,,,,,企業等からの問い合わせ対応、視察の受入れ、コワーキングスペースなどテレワーク拠点の紹介、地域情報の発信、企業間マッチングの促進,,,新型コロナ以前より開始,,,,https://miyoshi-satelliteoffice.jp/,三好市　三好市サテライトオフィス,,,,,サービス提供,,,,,新型コロナウイルス感染症,テレワーク,,,,,,,,その他,オフィスなどの空間,,テレワーク・デイズ登録団体,,
,,,,サテライトオフィス誘致、テレワーク拠点の紹介,,企業等,行政サービス等,,,,,,企業等からの問い合わせ対応、視察の受入れ、コワーキングスペースなどテレワーク拠点の紹介、地域情報の発信、企業間マッチングの促進,,,新型コロナ以前より開始,,,,https://www.soumu.go.jp/satellite-office/group/tokushima/index.html,つるぎ町　総務省お試しサテライトオフィス,,,,,サービス提供,,,,,新型コロナウイルス感染症,テレワーク,,,,,,,,その他,オフィスなどの空間,,テレワーク・デイズ登録団体,,
,,,,サテライトオフィス誘致、テレワーク拠点の紹介,,企業等,行政サービス等,,,,,,企業等からの問い合わせ対応、視察の受入れ、コワーキングスペースなどテレワーク拠点の紹介、地域情報の発信、企業間マッチングの促進,,,新型コロナ以前より開始,,,,https://www.soumu.go.jp/satellite-office/group/tokushima/index.html,東みよし町　総務省お試しサテライトオフィス,,,,,サービス提供,,,,,新型コロナウイルス感染症,テレワーク,,,,,,,,その他,オフィスなどの空間,,テレワーク・デイズ登録団体,,
,,,,BT MeetMe with Dolby Voice,,企業等,情報通信,,,,,,"高音質のクラウド型電話会議サービス。無料期間終了後も、固定費用は発生しない完全従量課金の仕組み。（利用しない月は費用発生なし。）
ヘルプデスク（日本語英語両対応）による電話での利用方法等のサポート可能。",,,,,アカウント発行から基本的に30日間,,https://www.globalservices.bt.com/ja,BT Japan,,,,,サービス提供,,,,,新型コロナウイルス感染症,テレワーク,,,,,,,,無料,,,（一社）情報通信ネットワーク産業協会（CIAJ),,
,,,,Webex by BT,,"企業等, 教育機関, 医療機関, 福祉施設, 行政機関",情報通信,,,,,,Webexをグローバルに活用を希望するお客様への特別プラン,,,2020/3/19,,開始から90日,,https://www.globalservices.bt.com/en,BT Japan,,,,,サービス提供,,,,,新型コロナウイルス感染症,テレワーク,,,,,,,,割引,,,（一社）情報通信ネットワーク産業協会（CIAJ),,
,,,,【岡崎ビジネスサポートセンターOKa－Biz】オンライン相談サービス「おうちビズ」,,企業等,情報通信,,,,,,岡崎ビジネスサポートセンターOKa－Bizによるオンライン相談サービス「おうちビズ」スタート,,,2020/3/3,,,,https://www.oka-biz.net/info/press/entry-624.html,岡崎市（岡崎ビジネスサポートセンターOKa－Biz）,,,,,その他,,,,,新型コロナウイルス感染症,テレワーク,,,,2020-03-03,,,,無料,,,（一社）日本テレワーク協会,,
,,,,RPAリモート接続ツール「OnRPA」,,企業等,情報通信,,,,,,OnRPAは、デスクトップ型のRPAソフトをテレワーク利用する際に、ロボPCの空き状況を確認して競合接続を防止できるツールです。 複数の拠点や自宅などからのRPA利用を促進します。2台のRPAロボPCを管理できるOnRPAを無料にてダウンロードいただけます。また、インストールできるPCの台数と利用期間に制限はありません。,,,,,,,https://www.axio.co.jp/products/winactor/onrpa.html,株式会社アクシオ,,,,,サービス提供,,,,,新型コロナウイルス感染症,テレワーク,,,,,,,,無料,,,（一社）日本テレワーク協会,,
,,,,テレワーカーの業務内容を把握する「HeartCore TaskMining」を無償でご提供,,企業等,情報通信,,,,,,ハートコア株式会社は、政府の新型コロナウイルスの感染拡大に伴うテレワーク推奨宣言を受け、PCの操作ログを収集し従業員ひとりひとりの業務内容を可視化するための新製品「HeartCore TaskMining」の無償提供を開始します。 テレワークを導入したものの、セキュリティ問題やコミュニケーション不全そして労務管理問題など、今後のテレワーク推進にあたり解決すべき課題が見えてきた企業も多いでしょう。「HeartCore TaskMining」は、各PCの操作ログを収集し従業員ひとりひとりがどの時間にどのアプリケーションを使いどのような作業をしていたか、詳細に可視化します。これにより、遠隔地で勤務している従業員の1日の業務内容を把握することができます。また、従業員のWebサイトの閲覧を制限したり、メールやファイルの取り扱いを監視したり、社内セキュリティに配慮した運用も可能となります。,,,2020/3/11,,新型コロナウイルス(COVID-19)収束宣言まで,,https://www.heartcore.co.jp/lp/taskmining.html,ハートコア株式会社,,,,,サービス提供,,,,,新型コロナウイルス感染症,テレワーク,,,,2020-03-11,,,,無料,,,（一社）日本テレワーク協会,,
,,,,テレワーク導入診断,,企業等,情報通信,,,,,,「自社の業務、システムをどのようにテレワーク化するか」の診断を行います。,,,,,,,https://ties.jp/,株式会社タイズ,,,,,サービス提供,,,,,新型コロナウイルス感染症,テレワーク,,,,,,,,無料,,,地方版IoT推進ラボ事務局,,
,,,,テレワーク導入支援,,企業等,情報通信,,,,,,社内業務のテレワーク化指導、自宅などからの社内アクセスの仕組みを提供,,,,,,,https://ties.jp/,株式会社タイズ,,,,,サービス提供,,,,,新型コロナウイルス感染症,テレワーク,,,,,,,,割引,,,地方版IoT推進ラボ事務局,,
,,,,テレワーク環境導入コンサル,,企業等,情報通信,,,,,,テレワーク環境導入のためのコンサルティングです。主に中小企業に対し、新型コロナウイルス感染防止対策のためのテレワーク環境導入に困っている方への相談がメインです。基本はメールベースでの対応となります。,,,,未定,新型コロナウイルス対策期間限定,,https://www.lac.co.jp/,株式会社ラック,,,,,サービス提供,,,,,新型コロナウイルス感染症,テレワーク環境導入コンサル,,,,,,,,割引,,,地方版IoT推進ラボ事務局,,
,,,,音声通話システム＿ローカル版,,"個人, 企業等, 教育機関, 医療機関, 福祉施設, 行政機関",情報通信,,,,,,人の声と３Dキャラクターが同期しながらPC越しに対話ができる。（動画や図も表示可）受付対応など非接触型で感染を予防できる。,,,2020/3/1,,終了日予定なし。6ヵ月単位継続利用可,,https://f-bond.co.jp/ict3d/actshow.php,有限会社BOND,,,,,サービス提供,,,サービス提供,,新型コロナウイルス感染症,非接触型コミュニケーションツール,,,,2020-04-13,,,,割引,コミュニケーション支援,,地方版IoT推進ラボ事務局,,
,,,,Web会議システム,,企業等,情報通信,,,,,,テレワークを導入する企業に対し、Web会議システムMicrosoftTeamsの導入支援、運用支援を提供する,,,,,,,https://www.cbm.co.jp/,中部事務機株式会社,,,,,サービス提供,,,,,新型コロナウイルス感染症,テレワーク,,,,,,,,割引,ビデオ会議,,（一社）全国地域情報産業団体連合会,,
,,,,TV会議システム,,企業等,情報通信,,,,,,"テレワークを導入する企業に対し、Panasonic製”HDコム”TV会議システムの導入支援、運用支援を提供する。
また、本TV会議システムとWeb会議システムMicrosoftTeamsとを接続するサービスの導入支援、運用支援も提供する",,,,,,,https://www.cbm.co.jp/,中部事務機株式会社,,,,,サービス提供,,,,,新型コロナウイルス感染症,テレワーク,,,,,,,,割引,ビデオ会議,,（一社）全国地域情報産業団体連合会,,
,,,,TV会議システム,,企業等,情報通信,,,,,,テレワークを導入する企業に対し、オムニラボ製”オムニロボ”TV会議システムの導入支援、運用支援を提供する。,,,,,,,https://www.cbm.co.jp/,中部事務機株式会社,,,,,サービス提供,,,,,新型コロナウイルス感染症,テレワーク,,,,,,,,割引,,,（一社）全国地域情報産業団体連合会,,
,,,,各種研修のWeb開催,,"企業等, 行政機関",情報通信,,,,,,"企業、行政期間への各種研修をWeb会議システムで提供する。通常の集合型研修では１回あたり「250,000円（税抜）＋実費交通費」のところを「90,000円（税抜）」で実施。（社員・職員のスキルアップ研修、マーケティングなど各種テーマ別研修）",,,,,,,https://www.go-mirai.jp,みらい株式会社,,,,,サービス提供,,,,,新型コロナウイルス感染症,テレワーク,,,,,,,,割引,ビデオ会議,,テレワーク・デイズ登録企業,,
,,,,人事・総務向け情報ポータルサイト「＠人事」https://at-jinji.jp/,,企業等,その他,,,,,,"これまで＠人事ONLINEで公開してきた、人事・総務担当者、経営者向けのテレワークの導入に際して知っておくべきメリットや注意点、助成金や支援制度などの役立つ情報をまとめています。閲覧はどなたでも自由にできます。ぜひご活用ください。　
■テレワークのメリット・デメリットから導入の手順、助成金や支援情報まで
新型コロナウイルス対策で再注目！ 「テレワーク」導入時に知るべき注意点（まとめ記事）https://at-jinji.jp/blog/32367/",,,,,,,https://at-jinji.jp/blog/32367/,株式会社イーディアス,,,,,その他,,,,,新型コロナウイルス感染症,テレワークに関するノウハウ提供,,,,2020-03-12,,,,無料,,,テレワーク・デイズ登録企業,,
,,,,Smart Attack,,"医療機関, 福祉施設",ワークスタイル（テレワーク含む）,,,,,,スマートフォン・タブレット（iOS・Android）を用い、リモートワーカーが業務報告を入力するだけで、自動的に報告書とデータ化が実現できるクラウドサービス。　既存のExcel帳票をそのままご利用可能。（１帳票の適用を作成支援しますので、お気軽にご相談ください）,,,2020/3/16,,６月末までを予定していますが、状況判断により延長も検討します。,,https://www.smartattack.jp/,株式会社G-Smart,,,,,サービス提供,,,,,新型コロナウイルス感染症,業務報告アプリ,,,,2020-03-13,,,,無料,遠隔作業環境,,その他,,
,,,,Cisco Webex Meetings 90日間無償支援プログラム,,"企業等, 教育機関, 医療機関, 福祉施設, 行政機関",ワークスタイル（テレワーク含む）,,,,,,Cisco Webex Meetings（ウェブ会議システム）を90日間にわたってユーザー数無制限で利用いただける無償支援プログラムです。,,,2020/2/25,,終了時期未定,,https://www.cisco.com/c/m/ja_jp/solutions/collaboration/webex90days.html?dti,シスコシステムズ合同会社,,,,,サービス提供,,,,,新型コロナウイルス感染症,テレワーク,,,,2020-03-13,,,,無料,ビデオ会議,,テレワーク・デイズ登録企業,,
,,,,ライブ配信サービス,,"企業等, 教育機関, 医療機関, 福祉施設, 行政機関","教育・学習支援, ワークスタイル（テレワーク含む）, コミュニケーション, その他",,,,,,イベント・セミナー・会社説明、株主総会などのライブ中継配信を行います。会場でのカメラ収録から配信機材のオペレーション、配信サーバーを一括で対応します。,,,,,,,https://www.stream.co.jp/service/live/live/,株式会社Jストリーム,,,,,サービス提供,,,,,新型コロナウイルス感染症,ライブ配信,,,,2020-03-13,,,,その他,イベント支援,,テレコムサービス協会（テレサ協）,,
,,,,J-Stream Equipmedia,,"企業等, 教育機関, 医療機関, 福祉施設, 行政機関","教育・学習支援, ワークスタイル（テレワーク含む）, コミュニケーション",,,,,,"動画コンテンツの管理・マルチデバイスでの配信・視聴解析を一元管理する動画配信プラットフォーム。ライブ、オンデマンドの両方に対応しセキュアな配信が可能。
動画の簡易編集、自動字幕作成/翻訳などの動画内製機能も利用可能。",,,,,,,https://www.stream.co.jp/service/platform/equipmedia/,株式会社Jストリーム,,,,,サービス提供,,,,,新型コロナウイルス感染症,動画配信,,,,2020-03-13,,,,その他,イベント支援,,テレコムサービス協会（テレサ協）,,
,,,,Soi_期間限定！１日ワンコインで利用プラン！,,"個人, 企業等, 教育機関, 行政機関","教育・学習支援, ワークスタイル（テレワーク含む）, コミュニケーション, その他",,,,,,"「Soi」は京都府南丹市にある、企業向けのテレワークオフィスです！
この度の新型コロナウイルスの影響により、通常勤務が困難となりお困りの方々に
対する支援策として、一部ルームをコワーキングスペースとして期間限定で開放する
ことに致しました。
利用料は、１日ワンコインから（500円）！　
※駐車場あり、冷暖房・Wi-Fi設備完備 ",,,2020/3/13,,終了時期未定（新型コロナウイルスの騒動が収まるまで）,,https://soi.rebs.jp/,地域ビジネス研究会,,,,,サービス提供,,,サービス提供,,新型コロナウイルス感染症,田舎・ふるさとテレワーク,,,,2020-03-13,,,,割引,オフィスなどの空間,,その他,,
,,,,テレワーク導入相談窓口,,企業等,ワークスタイル（テレワーク含む）,,,,,,"テレワーク導入に関する相談窓口を設けております。
現在の業務内容をお伺いし、どの部分がICT化できるのか提案いたしますので、お気軽にご相談ください。",,,2020/3/1,,終了時期未定,,https://dcj.jp/2020/02/20/telework/,株式会社ドリームクラフト(愛媛/新居浜),,,,,サービス提供,,,,,新型コロナウイルス感染症,テレワーク,,,,2020-03-13,,,,無料,,,ICT CONNECT21,,
,,,,キーボード検定サイト　キーボー島アドベンチャー,,"個人, 教育機関",教育・学習支援,,,,,,"無料の小学生向けのキーボード検定サイト「キーボー島アドベンチャー」を
ご家庭でもご利用いただけるようにいたします。在宅等でのキーボード学習
が可能となります。",,,2020/3/9,,"弊社キーボー島アドベンチャーサイトをご利用いただく場合…終了時期未定
特設ページをご利用いただく場合…2020/04/05まで
詳しくは弊社HPよりご確認ください。",,https://www.suzukisoft.co.jp/news/2020/05/,スズキ教育ソフト株式会社,,,,,サービス提供,,,サービス提供,,新型コロナウイルス感染症,オンライン学習,,,,2020-03-13,,,,無料,オンライン授業,,全国地域情報化推進協会（APPLIC）,,
,,,,net-Typer,,個人,ワークスタイル（テレワーク含む）,,,,,,在宅ワーカー向けデーター入力システムをご提供させて頂き、どんな方でも自宅にてご登録して頂ければ、作業できる弊社のサービスです。,,,2020/3/13,,無償にてご提供させて頂きますので、終了時期未定です。,,https://www.net-typer.com/,ニューコン株式会社,,,,,,,,サービス提供,,新型コロナウイルス感染症,在宅ワーカー向けデーター入力システム,,,,2020-03-13,,,,無料,,,日本テレワーク協会,,
,,,,都道府県別新型コロナウイルス感染者数マップ,,"個人, 企業等, 教育機関, 医療機関, 福祉施設, 行政機関",その他,,,,,,厚生労働省や各自治体の公表情報を、独自に一元化し、グラフや地図(地理情報システム/GIS)を用いて可視化することで、一般にわかりやすく伝えるサイトを提供しています。可視化のために当社が収集加工したCSVファイルは、CCライセンスの下、無償で提供しています。,,,2020/2/16,,終了時期未定,,https://gis.jag-japan.com/covid19jp/,ジャッグジャパン株式会社,,,,,サービス提供,,,サービス提供,,新型コロナウイルス感染症,情報提供（自治体発表の可視化）,,,,2020-03-13,,,,無料,,,その他,,
,,,,在宅ワーカー向けデーター入力システム,,個人,ワークスタイル（テレワーク含む）,,,,,,弊社から提供している専用のＵＲＬに登録して頂き、在宅ワーカー向けのデーター入力システムをご利用して頂けます。,,,,,,,https://www.net-typer.com/,ニューコン株式会社,,,,,,,,サービス提供,,新型コロナウイルス感染症,テレワーク,,,,2020-03-13,,,,無料,,,日本テレワーク協会,,
,,,,リモートワーク、Web会議システム導入相談窓口,,企業等,ワークスタイル（テレワーク含む）,,,,,,リモートワーク、Web会議システム導入等に関する緊急相談窓口を開設！(無料Web会議アプリの導入手順・操作方法やIT活用したリモートワーク環境整備のガイド）,,,2020/3/10,,未定,,https://www.isit.or.jp/news/tvc/,公益財団法人 九州先端科学技術研究所,,,,,サービス提供,,,,,新型コロナウイルス感染症,テレワーク,,,,2020-03-13,,,,無料,ビデオ会議,,Code for Japan,,
,,,,Office 365 E1トライアル,,"個人, 企業等, 教育機関, 医療機関, 福祉施設, 行政機関","ワークスタイル（テレワーク含む）, コミュニケーション",,,,,,トライアルとなっておりますが、Office 365のトライアルは有償版と全く同じ内容が提供されています。Teamsを含むOffice 365 E1の全機能をお使い頂けます。,,,2020/3/5,,利用から6か月間,,https://transform.microsoft.com/customer-trials?tab=o365e1trial,日本マイクロソフト株式会社,,,,,サービス提供,,,サービス提供,,新型コロナウイルス感染症,テレワーク,,,,2020-03-13,,,,無料,遠隔作業環境,,全国地域情報化推進協会（APPLIC）,,
,,,,セキュア リモートワーク相談窓口,,"個人, 企業等, 教育機関, 医療機関, 福祉施設, 行政機関","ワークスタイル（テレワーク含む）, コミュニケーション",,,,,,電話またはWebにて、リモートワーク導入検討に向けたご相談に応じさせていただくご相談窓口。,,,2020/3/2,,,,https://www.microsoft.com/ja-jp/biz/security/remote-work.aspx,日本マイクロソフト株式会社,,,,,サービス提供,,,サービス提供,,新型コロナウイルス感染症,テレワーク,,,,2020-03-13,,,,無料,,,全国地域情報化推進協会（APPLIC）,,
,,,,「Music Blocks」を使ったプログラミング・音楽・算数の学習,,個人(小学生・中学生向け),教育・学習支援,,,,,,「Music Blocks」は音楽と算数とプログラミングをいっしょに学べる学習ソフトです。もともと広く無料でご利用いただけるものですが、以下の関連する学習・教育コンテンツも合わせて無料でご利用いただけます。4月から小学校で必修化するプログラミング学習を一足はやく体験する機会としてもご利用いただけます。小学生と中学生の児童生徒に最適な内容です。すべてMusic Blocks公式サイトからご参照ください。,,,,,,,https://gakken-steam.jp/music_blocks/,株式会社学研プラス/株式会社steAm/Remake Music LLC,,,,,,,,サービス提供,,新型コロナウイルス感染症,オンライン教育,,,,2020-03-13,,,,無料,オンライン授業,,#学びを止めない未来の教室（https://www.learning-innovation.go.jp/covid_19/）,,
,,,,オンラインお片付け相談,,個人,生活関連サービス、娯楽,,,,,,オンライン（パソコンや電話を使った）でお片付け相談をスタートいたします。臨時休校中にこどもと一緒にお片付けを行う方法や、テレワーク・在宅での仕事をスムーズに行う環境づくり等、整理収納のお悩みに整理収納アドバイザーがお答えします。,,,2020/3/6,,終了時期未定,,http://cozyroom.info/,cozyroom,,,,,,,,サービス提供,,新型コロナウイルス感染症,家事支援,,,,2020-03-14,,,,割引,,,その他,,
,,,,簡単テレビ会議システム　LoopGate,,"個人, 企業等, 教育機関, 医療機関, 福祉施設, 行政機関","ワークスタイル（テレワーク含む）, コミュニケーション",,,,,,"テレワーク・在宅勤務制度について新たに導入を検討されている企業に、スタートパックとして、簡単テレビ会議システムLoopGateを、『4拠点　月額費用19,800円（税別）～』で提供します。",,,2020/3/3,,,,https://loopgate.jp/information/release/3185/,ギンガシステム株式会社,,,,,サービス提供,,,サービス提供,,新型コロナウイルス感染症,テレワーク,,,,2020-03-14,,,,その他,,,テレワーク・デイズ登録企業,,
,,,,簡単テレビ会議システム　LoopGate,,"個人, 企業等, 教育機関, 医療機関, 福祉施設, 行政機関","ワークスタイル（テレワーク含む）, コミュニケーション",,,,,,新型コロナウイルスの感染拡大の影響により、中止や延期を予定されておりますイベントへ、簡単テレビ会議システムLoopGateを活用した支援ソリューションのサポート体制を強化します。,,,2020/3/6,,,,https://loopgate.jp/information/release/3213/,ギンガシステム株式会社,,,,,サービス提供,,,サービス提供,,新型コロナウイルス感染症,テレワーク,,,,2020-03-14,,,,その他,,,テレワーク・デイズ登録企業,,
,,,,番組作成ツールPCアプリ版,,"企業等, 教育機関, 医療機関, 福祉施設, 行政機関","教育・学習支援, ワークスタイル（テレワーク含む）, 医療、福祉, 生活関連サービス、娯楽, 宿泊、飲食サービス, コミュニケーション",,,,,,独自AIの開発により誰でも簡単迅速に番組コンテンツを作成できるため、非接触型で24時間人に代わって親切丁寧に動画で伝えるツールとして有用性が高い。既に企業研修・大学などで採用されている。,,,2020/3/1,,相談,,https://f-bond.co.jp/trial_download/index_hoya.php,有限会社BOND,,,,,サービス提供,,,,,新型コロナウイルス感染症,アバター,,,,2020-03-16,,,,割引,,,地方版IoT推進ラボ事務局,,
,,,,番組作成ツールWEB版,,"企業等, 教育機関, 医療機関, 福祉施設, 行政機関","教育・学習支援, ワークスタイル（テレワーク含む）, 医療、福祉, 生活関連サービス、娯楽, 宿泊、飲食サービス, コミュニケーション",,,,,,弊社「番組作成ツールPCアプリ版」の簡易機能版。スマフォなど、モバイル端末から何時でも何処でも誰でも簡単迅速に番組コンテンツが作成でき、非接触型で人に代わって伝えるツールとして有用性が高い。,,,2020/3/1,,相談,,https://f-bond.co.jp/lite_entry/index.php,有限会社BOND,,,,,サービス提供,,,,,新型コロナウイルス感染症,アバター,,,,2020-03-16,,,,割引,,,地方版IoT推進ラボ事務局,,
,,,,番組作成ツール組込用開発キット,,"企業等, 教育機関, 医療機関, 福祉施設, 行政機関","教育・学習支援, ワークスタイル（テレワーク含む）, 医療、福祉, 生活関連サービス、娯楽, コミュニケーション",,,,,,データベース連携で繰り返し何度でも最新情報を無人（全自動）で番組化でき、人に代わって伝える分野に強い。（配信例URL：https://f-bond.co.jp/tool/open_ichiba_movie.php?movieFile=.mp4）,,,2020/3/1,,相談,,https://f-bond.co.jp/ict3d/api.php,有限会社BOND,,,,,サービス提供,,,,,新型コロナウイルス感染症,アバター,,,,2020-03-16,,,,割引,,,地方版IoT推進ラボ事務局,,
,,,,クラウド型顧客管理・営業支援システム,,"個人, 企業等, 教育機関, 医療機関, 福祉施設, 行政機関","ワークスタイル（テレワーク含む）, コミュニケーション",,,,,,クラウド型業務システム、導入・構築支援サービス,,,2020/4/1,,半年程度,,https://www.tera-web.jp/,株式会社テラ・ウェブクリエイト,,,,,サービス提供,,,サービス提供,,新型コロナウイルス感染症,テレワークを可能とするクラウド型業務システム,,,,2020-03-16,,,,割引,,,全国地域情報産業団体連合会,,
,,,,DMZ WORK コワーキング会員,,企業等,ワークスタイル（テレワーク含む）,,,,,,"築地駅から徒歩1分。40,000円/ 月 で24時間365日利用可能なコワーキングスペースを提供しています。照明や音等に配慮し、集中できるスペースとなっています。運営会社で提供するクラウドストレージサービスもお試しでご利用いただけます。",,,2020/3/3,,サービス終了日は未定。会員数が定員に達しましたら終了します。,,https://www.facebook.com/dmzwork/,株式会社ねこじゃらし,,,,,現物支給・貸与,,,,,新型コロナウイルス感染症,コワーキングスペース,,,,2020-03-16,,,,割引,オフィスなどの空間,,テレワーク・デイズ登録企業,,
,,,,コラボノートEX,,教育機関,"教育・学習支援, コミュニケーション",,,,,,"離れた場所にいる学校の友だちや先生と一緒に寄せ書きを作ろう！.
・卒業の寄せ書き
・学年最後の寄せ書き
・先生方から児童生徒に向けての寄せ書き etc…
",,,2020/3/12,,利用開始から2カ月,,https://www.collabonote.com/edu/ex/exyosegaki/,株式会社ジェイアール四国コミュニケーションウェア,,,,,サービス提供,,,,,新型コロナウイルス感染症,協働学習支援ツール,,,,2020-03-16,,,,無料,,,日本教育情報化振興会,,
,,,,「Google でいますぐにできること」,,"個人, 企業等, 教育機関, 医療機関, 福祉施設, 行政機関","教育・学習支援, ワークスタイル（テレワーク含む）",,,,,,離れた場所からの学習や仕事をよりスムーズに進めるアイデアや、お客様との会話をサポートする方法など、仕事や家庭の様々なシーンで、デジタルを活用していますぐ実践できるツールやアイデアを紹介しています。,,,2020/3/9,,プログラムごとにウェブサイトに（https://forjapan.withgoogle.com/intl/ja/）記載,,https://japan.googleblog.com/2020/03/google.html,Google合同会社,,,,,サービス提供,,,サービス提供,,新型コロナウイルス感染症,テレワーク、オンライン学習,,,,2020-03-16,,,,無料,オンライン授業,,在日米国商工会議所（ACCJ）,,
,,,,モバイル勤怠管理,,"企業等, 教育機関, 医療機関, 福祉施設, 行政機関",ワークスタイル（テレワーク含む）,,,,,,在宅勤務時の打刻・勤怠管理をお手持ちのモバイル端末から手軽に行うことができます。利用開始から最大60日間無料でご利用いただけます。,,,,,利用開始から最大60日,,https://workstyle.cec-ltd.co.jp/solution/akashi.html,株式会社シーイーシー,,,,,サービス提供,,,,,新型コロナウイルス感染症,テレワーク,,,,2020-03-16,,,,その他,,,日本テレワーク協会,,
,,,,小・中・高校生向け家庭学習用教材「各種プリント教材・アプリ」,,"個人, 教育機関",教育・学習支援,,,,,,新型コロナウイルスの影響による一斉臨時休校のため、ご自宅で過ごす時間が多くなる児童・生徒の皆様に、家庭学習で活用いただける教材を無償で提供いたします。各種プリント教材やアプリをご用意しておりますので、この機会にご活用ください。,,,2020/3/4,,終了時期未定,,https://www.kanken.or.jp/topics/2019/post_44.html,公益財団法人　日本漢字能力検定協会,,,,,現物支給・貸与,,,現物支給・貸与,,新型コロナウイルス感染症,学習プリント（ダウンロード）・アプリ,,,,2020-03-16,,,,無料,教材,,ICT CONNECT21,,
,,,,TIMEWORK,,企業等,ワークスタイル（テレワーク含む）,,,,,,シェアオフィスを展開している加盟店の施設を自由に利用することが出来る、従量課金制のスペースシェアリングサービスです。オープンスペース、会議室、予約席／ブースなど、用途に合わせてさまざまなタイプのスペースを選ぶことができます。,,,,,,,https://www.timework.co.jp/,TIMEWORK合同会社,,,,,サービス提供,,,,,新型コロナウイルス感染症,スペースシェアリングサービス,,,,2020-03-17,,,,その他,オフィスなどの空間,,その他,,
,,,,JECTOR クラウドストレージ,,"企業等, 行政機関",ワークスタイル（テレワーク含む）,,,,,,"テレワークを推進する企業様を支援！遠隔で導入までサポート！
JECTORはクラウドを経由して、大容量データをどこからでも適切な権限で共有できます。
あらゆる映像フォーマットに対応しており、動画・静止画に直接指示が書き込めます。",,,2020/3/4,,終了時期未定。,,https://www.jector.com/,株式会社ねこじゃらし,,,,,サービス提供,,,,,新型コロナウイルス感染症,クラウドストレージサービス,,,,2020-03-17,,,,その他,情報通信,,日本インターネットプロバイダー協会,,
,,,,17Live(イチナナライブ),,"個人, 企業等, 教育機関","生活関連サービス、娯楽, コミュニケーション",,,,,,ライブ配信を行う“ライバー”とそれを視聴するオーディエンスが直接対面することなくコミュニケーションを取ることが可能なサービスです。イベントや試合の中止・延期や施設の休園等といった影響に対して、当社のメインサービスであるライブ配信事業やそれに伴うノウハウやサービスを提供させていただきます。,,,2020/2/28,,終了時期未定,,https://17media.jp/pressrelease/5631/,株式会社17 Media Japan,,,,,サービス提供,,,サービス提供,,新型コロナウイルス感染症,Live配信,,,,2020-03-17,,,,無料,イベント支援,,その他,,
,,,,SecureRemoteDesktop（セキュアリモートデスクトップ）,,"企業等, 教育機関, 医療機関, 福祉施設, 行政機関",ワークスタイル（テレワーク含む）,,,,,,自宅や外出先からいつでも安全かつ高速に、会社のPCをリモートで操作できるサービスです。会社のパソコンにエージェントをインストールするだけで、手軽に即時にテレワーク環境が実現でき、二重化されたログイン認証、標準暗号化されたパソコン間の通信など、セキュリティ対策も万全なサービスです。,,,,,,,https://www.ags.co.jp/service/remotedesktop.html,AGS株式会社,,,,,サービス提供,,,,,新型コロナウイルス感染症,テレワーク,,,,2020-03-17,,,,割引,,,全国地域情報化推進協会（APPLIC）,,
,,,,個人利用無料のコワーキングスペース,,"個人, 企業等, 教育機関","教育・学習支援, ワークスタイル（テレワーク含む）, コミュニケーション, その他",,,,,,"個人利用無料のコワーキングスペースを運営しています。
3名以上の利用は1グループ1時間につき1000円の利用料が発生します。
※18歳未満の利用費はかかりません。
",,,,,大人だけでなく子どもたちも使える多目的スペースです。,,https://www.city.tochigi.lg.jp/site/kosodatekyouiku/13667.html,ベビカム株式会社,,,,,現物支給・貸与,,,現物支給・貸与,,新型コロナウイルス感染症,テレワーク,,,,2020-03-17,,,,無料,オフィスなどの空間,,インターネット協会,,
,,,,Web会議システム等の導入支援（Office365）,,企業・組織・教育関係などへの提供,ワークスタイル（テレワーク含む）,,,,,,会員登録のみで無料・有料で利用できるWeb会議（テレビ会議）システムを使ったテレワークの導入支援をおこなっています。現地にお伺いするケースもありますが、Web会議を中心に操作の説明や運用の仕方などをアドバイスさせて頂きます。普段は主にMicrosoft Office 365を使った企業や組織のメールやファイル共有、ポータルサイト、Web会議システムなどのトータルな導入支援をおこなっています。NPOや非営利団体・教育関連につきましては、無償・一部有償でサービスも提供しています。弊社は小さな会社であり、現在も東京等で上記のサービスを利用頂いておりますが、テレワーク支援情報の登録にあたり、主に三重県を中心に対応させて頂きます。,,,2018/8/1,,,,https://miraico.co.jp,みらいこ株式会社,,,,,サービス提供,,,,,新型コロナウイルス感染症,テレワーク,,,,2020-03-01,,,,割引,ビデオ会議,,地方版IoT推進ラボ事務局,,
,,,,OneOffice　スマートコネクト,,企業等,ワークスタイル（テレワーク含む）,,,,,,"OneOffice スマートコネクトは社外のモバイル端末から、オフィス内の会社PCにインターネットを経由してアクセスし、遠隔操作ができるリモートアクセスサービスです。
オフィスPCを遠隔操作するため、社外でもメールやスケジュール確認、ワークフロー承認やファイルサーバ利用など、オフィスPCで行っていた業務を簡単・安全に行うことができます。
",,,,,,,http://www.oneoffice.jp/service/smartconnect/,株式会社ＴＯＫＡＩコミュニケーションズ,,,,,サービス提供,,,,,新型コロナウイルス感染症,テレワーク,,,,,,,,無料,,,地方版IoT推進ラボ事務局,,
,,,,ネットワークプリント for Biz,,企業等,ワークスタイル（テレワーク含む）,,,,,,テレワーク時のプリント手段として、ＰＣやタブレット、スマートフォンから登録した文書・写真・図面をコンビニのマルチコピー機で印刷できるサービスです。 （プリント代は別途必要）,,,(開始済み),,20アカウントを２ヶ月間無償提供,,https://www.sharp-sbs.co.jp/networkprint-biz/,シャープマーケティングジャパン(株),,,,,サービス提供,,,,,新型コロナウイルス感染症,テレワーク,,,,,,,,割引,,,電子情報技術産業協会（JEITA）,,
,,,,テレワーク相談,,企業等,ワークスタイル（テレワーク含む）,,,,,,NECネッツエスアイでは新型コロナウィルス感染拡大防止期間中、首都圏在住の社員の約８割がテレワークを実践しています。自社実践例を元にテレワークについてお困りの企業様のご相談を可能な限り承ります。ご相談事項はEメールにて<info-mkt@dm.nesic.com>宛にご連絡ください。,,,2020/3/11,,,,https://symphonict.nesic.co.jp/hatarakikata/,NECネッツエスアイ株式会社,,,,,その他,,,,,新型コロナウイルス感染症,テレワーク,,,,2020-03-11,,,,無料,,,日本テレワーク協会,,
,,,,ウェブ会議サービス「Zoom」／無償トライアル1ヶ月,,企業等,ワークスタイル（テレワーク含む）,,,,,,1年間のZoom有償ライセンスご購入の際に、1ヶ月分無償トライアルとしてご提供します。,,,2020/3/11,,1ヶ月間無償トライアル,,https://www.nesic.co.jp/zoom/,NECネッツエスアイ株式会社,,,,,サービス提供,,,,,新型コロナウイルス感染症,テレワーク,,,,2020-03-11,,,,割引,ビデオ会議,,日本テレワーク協会,,
,,,,大臣スマート打刻サービス,,"企業等, 教育機関, 医療機関, 福祉施設, 行政機関",ワークスタイル（テレワーク含む）,,,,,,PC、タブレット、スマートフォンを使って打刻を行い、クラウド上で打刻データを管理できるサービスです。打刻データはクラウド上にアップロードされ、インターネットに接続されている環境であればどこからでも確認が可能です。,,,,,利用開始から６０日間,,http://www.ohken.co.jp/product/dsd/,応研株式会社,,,,,サービス提供,,,,,新型コロナウイルス感染症,テレワーク,,,,2020-03-19,,,,無料,,,コンピュータソフトウェア協会,,
,,,,code room,,"個人, 企業等, 教育機関",教育・学習支援,,,,,,"プログラミングを教えることに最適化されたツールです。
リアルタイムに共同編集できるエディターとチャットで隣で教えあっているような質問、教育環境を実現します。",,,2020/3/23,,終了時期未定,,https://code-room.io,株式会社Miraie,,,,,サービス提供,,,サービス提供,,新型コロナウイルス感染症,オンラインプログラミング学習支援ツール,,,,2020-03-19,,,,無料,オンライン授業,,その他,,
,,,,簡単テレビ会議システムLoopGate,,"個人, 企業等, 教育機関, 医療機関, 福祉施設, 行政機関","ワークスタイル（テレワーク含む）, コミュニケーション",,,,,,簡単テレビ会議システム『LoopGate1002』は会議・打合せ等にご利用のほか、研修やイベント配信などにも活用され、テレワーク・在宅勤務など時間や場所にとらわれずに業務を遂行できる勤務形態を実現します。,,,2020/3/13,,,,https://loopgate.jp/information/release/3235/,ギンガシステム株式会社,,,,,サービス提供,,,サービス提供,,新型コロナウイルス感染症,テレワーク,,,,2020-03-19,,,,その他,ビデオ会議,,テレワーク・デイズ登録企業,,
,,,,簡単テレビ会議システムLoopGate,,"個人, 企業等, 教育機関, 医療機関, 福祉施設, 行政機関","ワークスタイル（テレワーク含む）, コミュニケーション",,,,,,新入社員研修について、集合型式から遠隔会議型式に変更を検討している企業に、「新入社員研修のためのテレビ会議システム」の導入支援を実施いたします。,,,2020/3/16,,,,https://loopgate.jp/information/release/3251/,ギンガシステム株式会社,,,,,サービス提供,,,サービス提供,,新型コロナウイルス感染症,新入社員研修,,,,2020-03-19,,,,その他,,,テレワーク・デイズ登録企業,,
,,,,簡単テレビ会議システムLoopGate,,"個人, 企業等, 教育機関, 医療機関, 福祉施設, 行政機関","ワークスタイル（テレワーク含む）, コミュニケーション",,,,,,中止や延期を予定されております各種会議・イベントにおいて、テレビ会議システムを一時的に利用されるお客様を支援いたします。,,,2020/3/17,,,,https://rehaplan.jp/keeprehab/,ギンガシステム株式会社,,,,,サービス提供,,,サービス提供,,新型コロナウイルス感染症,テレワーク,,,,2020-03-19,,,,その他,,,テレワーク・デイズ登録企業,,
,,,,Webex by BT,,"企業等, 教育機関, 医療機関, 福祉施設, 行政機関","ワークスタイル（テレワーク含む）, コミュニケーション",,,,,,Webexをグローバルに活用を希望するお客様への特別プラン,,,2020/3/19,,開始から90日,,https://www.globalservices.bt.com/en,BTジャパン株式会社,,,,,サービス提供,,,,,新型コロナウイルス感染症,テレワーク,,,,2020-03-19,,,,割引,ビデオ会議,,情報通信ネットワーク産業協会（CIAJ）,,
,,,,大臣スマート打刻サービス,,"企業等, 教育機関, 医療機関, 福祉施設, 行政機関",ワークスタイル（テレワーク含む）,,,,,,PC、タブレット、スマートフォンを使って打刻を行い、クラウド上で打刻データを管理できるサービスです。打刻データはクラウド上にアップロードされ、インターネットに接続されている環境であればどこからでも確認が可能です。,,,,,利用開始から６０日間,,http://www.ohken.co.jp/product/dsd/,応研株式会社,,,,,サービス提供,,,,,新型コロナウイルス感染症,テレワーク,,,,2020-03-19,,,,無料,,,コンピュータソフトウェア協会,,
,,,,code room,,"個人, 企業等, 教育機関",教育・学習支援,,,,,,"プログラミングを教えることに最適化されたツールです。
 リアルタイムに共同編集できるエディターとチャットで隣で教えあっているような質問、教育環境を実現します。",,,2020/3/23,,終了時期未定,,https://code-room.io,株式会社Miraie,,,,,サービス提供,,,サービス提供,,新型コロナウイルス感染症,オンラインプログラミング学習支援ツール,,,,2020-03-19,,,,無料,オンライン授業,,その他,,
,,,,簡単テレビ会議システムLoopGate,,"個人, 企業等, 教育機関, 医療機関, 福祉施設, 行政機関","ワークスタイル（テレワーク含む）, コミュニケーション",,,,,,簡単テレビ会議システム『LoopGate1002』は会議・打合せ等にご利用のほか、研修やイベント配信などにも活用され、テレワーク・在宅勤務など時間や場所にとらわれずに業務を遂行できる勤務形態を実現します。,,,2020/3/13,,,,https://loopgate.jp/information/release/3235/,ギンガシステム株式会社,,,,,サービス提供,,,サービス提供,,新型コロナウイルス感染症,テレワーク,,,,2020-03-19,,,,その他,,,テレワーク・デイズ登録企業,,
,,,,簡単テレビ会議システムLoopGate,,"個人, 企業等, 教育機関, 医療機関, 福祉施設, 行政機関","ワークスタイル（テレワーク含む）, コミュニケーション",,,,,,新入社員研修について、集合型式から遠隔会議型式に変更を検討している企業に、「新入社員研修のためのテレビ会議システム」の導入支援を実施いたします。,,,2020/3/16,,,,https://loopgate.jp/information/release/3251/,ギンガシステム株式会社,,,,,サービス提供,,,サービス提供,,新型コロナウイルス感染症,新入社員研修,,,,2020-03-19,,,,その他,,,テレワーク・デイズ登録企業,,
,,,,簡単テレビ会議システムLoopGate,,"個人, 企業等, 教育機関, 医療機関, 福祉施設, 行政機関","ワークスタイル（テレワーク含む）, コミュニケーション",,,,,,中止や延期を予定されております各種会議・イベントにおいて、テレビ会議システムを一時的に利用されるお客様を支援いたします。,,,2020/3/17,,,,https://loopgate.jp/information/release/3265/,ギンガシステム株式会社,,,,,サービス提供,,,サービス提供,,新型コロナウイルス感染症,テレワーク,,,,2020-03-19,,,,その他,,,テレワーク・デイズ登録企業,,
,,,,Webex by BT,,"企業等, 教育機関, 医療機関, 福祉施設, 行政機関","ワークスタイル（テレワーク含む）, コミュニケーション",,,,,,Webexをグローバルに活用を希望するお客様への特別プラン,,,2020/3/19,,開始から90日,,https://www.globalservices.bt.com/en,BTジャパン株式会社,,,,,サービス提供,,,,,新型コロナウイルス感染症,テレワーク,,,,2020-03-19,,,,割引,ビデオ会議,,情報通信ネットワーク産業協会（CIAJ）,,
,,,,PrimeDrive,,企業等,"ワークスタイル（テレワーク含む）, コミュニケーション",,,,,,"ビジネスに最適な、セキュリティと利便性を両立したソフトバンクのオンラインストレージ『PrimeDeive』のトライアル環境を1カ月無償でご提供いたします。
 （条件についてはURLよりご確認ください）",,,,,1カ月,,https://tm.softbank.jp/telework/,ソフトバンク株式会社,,,,,サービス提供,,,,,新型コロナウイルス感染症,テレワーク,,,,2020-03-17,,,,無料,,,電気通信事業者協会（TCA）,,
,,,,LINE WORKS,,企業等,"ワークスタイル（テレワーク含む）, コミュニケーション",,,,,,"１つのアプリで、企業でも安心して使える法人向け管理機能とセキュリティを備えたビジネスチャットのクラウドサービス『LINE WORKS』のお試しFreeプランをご提供いたします。
 （条件についてはURLよりご確認ください）",,,,,,,https://tm.softbank.jp/telework/,ソフトバンク株式会社,,,,,サービス提供,,,,,新型コロナウイルス感染症,テレワーク,,,,2020-03-20,,,,無料,,,電気通信事業者協会（TCA）,,
,,,,PrimeMeeting,,企業等,"ワークスタイル（テレワーク含む）, コミュニケーション",,,,,,"ビデオ会議/Web会議のメリットを融合したソフトバンクのクラウド型ビデオ会議サービス『PrimeMeeting』のトライアル環境を2週間無償でご提供いたします。
 （条件についてはURLよりご確認ください）",,,,,2週間,,https://tm.softbank.jp/telework/,ソフトバンク株式会社,,,,,サービス提供,,,,,新型コロナウイルス感染症,テレワーク,,,,2020-03-20,,,,無料,ビデオ会議,,電気通信事業者協会（TCA）,,
,,,,GlobalMeet コラボレーション,,企業等,"ワークスタイル（テレワーク含む）, コミュニケーション",,,,,,"高い音質とビデオ会議機能を備えた「定額制の電話会議」サービス『GlobalMeetコラボレーション』のトライアル環境を2週間無償でご提供いたします。
 （条件についてはURLよりご確認ください）",,,,,2週間,,https://tm.softbank.jp/telework/,ソフトバンク株式会社,,,,,サービス提供,,,,,新型コロナウイルス感染症,テレワーク,,,,2020-03-20,,,,無料,ビデオ会議,,電気通信事業者協会（TCA）,,
,,,,CLOUD SIGN,,企業等,"ワークスタイル（テレワーク含む）, コミュニケーション",,,,,,"契約締結から契約書管理まで可能なクラウド型の電子契約サービス『CLOUD SIGN』のお試しFreeプランをご提供いたします。
 （条件についてはURLよりご確認ください）",,,,,,,https://tm.softbank.jp/telework/,ソフトバンク株式会社,,,,,サービス提供,,,,,新型コロナウイルス感染症,テレワーク,,,,2020-03-20,,,,無料,,,電気通信事業者協会（TCA）,,
,,,,SMART CATALOG,,企業等,"ワークスタイル（テレワーク含む）, コミュニケーション",,,,,,"クラウドを活用した、コンテンツ制作・配信管理サービス『SMART CATALOG』のトライアル環境を最大2カ月無償でご提供いたします。
 （条件についてはURLよりご確認ください）",,,,,最大2カ月,,https://tm.softbank.jp/telework/,ソフトバンク株式会社,,,,,サービス提供,,,,,新型コロナウイルス感染症,テレワーク,,,,2020-03-20,,,,無料,,,電気通信事業者協会（TCA）,,
,,,,MOVIE LIBRARY,,企業等,"ワークスタイル（テレワーク含む）, コミュニケーション",,,,,,"配信も視聴も管理もカンタンにできる、クラウド型動画共有SNSプラットフォーム『MOVIE LIBRARY』のトライアル環境を最大2カ月無償でご提供いたします。
 （条件についてはURLよりご確認ください）",,,,,最大2カ月,,https://tm.softbank.jp/telework/,ソフトバンク株式会社,,,,,サービス提供,,,,,新型コロナウイルス感染症,テレワーク,,,,2020-03-20,,,,無料,,,電気通信事業者協会（TCA）,,
,,,,法人向けBIGLOBE SIM,,企業等,ワークスタイル（テレワーク含む）,,,,,,テレワークを導入する企業に対して、社員向けにSIMを提供する。,,,,,,,https://biz.biglobe.ne.jp/sim/index.html,ビッグローブ株式会社,,,,,サービス提供,,,,,新型コロナウイルス感染症,テレワーク,,,,2020-03-23,,,,その他,,,テレコムサービス協会（テレサ協）,,
,,,,法人向けプリペイドSIM,,企業等,ワークスタイル（テレワーク含む）,,,,,,テレワークを導入する企業に対して、社員向けにSIMを提供する。 （今回限りの使いきりとして）,,,,,,,https://biz.biglobe.ne.jp/sim/pre-paid/index.html,ビッグローブ株式会社,,,,,サービス提供,,,,,新型コロナウイルス感染症,テレワーク,,,,2020-03-23,,,,その他,,,テレコムサービス協会（テレサ協）,,
,,,,法人向けルータ、スマホ,,企業等,ワークスタイル（テレワーク含む）,,,,,,テレワークを導入する企業に対して、社員向けにルータ、スマホ提供する。,,,,,,,https://biz.biglobe.ne.jp/sim/device/index.html,ビッグローブ株式会社,,,,,サービス提供,,,,,新型コロナウイルス感染症,テレワーク,,,,2020-03-23,,,,その他,,,テレコムサービス協会（テレサ協）,,
,,,,SIM対応VPNサービス,,企業等,ワークスタイル（テレワーク含む）,,,,,,テレワークを導入する企業に対して、自宅から社内ネットワークへのセキュアな環境を提供する,,,,,,,https://biz.biglobe.ne.jp/sim/vpn.html,ビッグローブ株式会社,,,,,サービス提供,,,,,新型コロナウイルス感染症,テレワーク,,,,2020-03-23,,,,その他,,,テレコムサービス協会（テレサ協）,,
,,,,BIGLOBE クラウドストレージ,,企業等,ワークスタイル（テレワーク含む）,,,,,,テレワークを導入する企業に対して、社員同士のファイル共有をセキュアな環境で提供する,,,,,,,https://biz.biglobe.ne.jp/storage/index.html,ビッグローブ株式会社,,,,,サービス提供,,,,,新型コロナウイルス感染症,テレワーク,,,,2020-03-23,,,,その他,,,テレコムサービス協会（テレサ協）,,
,,,,BIGLOBE リモートデスクトップ,,企業等,ワークスタイル（テレワーク含む）,,,,,,テレワークを導入する企業に対して、社内のパソコンにアクセスできる環境を提供する,,,,,,,https://biz.biglobe.ne.jp/stb/index.html,ビッグローブ株式会社,,,,,サービス提供,,,,,新型コロナウイルス感染症,テレワーク,,,,2020-03-23,,,,その他,,,テレコムサービス協会（テレサ協）,,
,,,,MDM(OptimalBiz）,,企業等,ワークスタイル（テレワーク含む）,,,,,,テレワークを導入する企業に対して、社員向けのPC・スマホの情報漏洩対策など端末管理を提供する,,,,,,,https://biz.biglobe.ne.jp/mdm/index.html,ビッグローブ株式会社,,,,,サービス提供,,,,,新型コロナウイルス感染症,テレワーク,,,,2020-03-23,,,,その他,,,テレコムサービス協会（テレサ協）,,
,,,,テレワークソリューション,,企業等,ワークスタイル（テレワーク含む）,,,,,,自宅からパソコンを使い、会社と同様の仕事ができる環境を提供します。社員同士、お客様や取引先との商談、文章や各種データの共有、情報漏洩を防止、社内システムに安全にアクセスできます。弊社サイトの「お問い合わせ」フォームからご相談ください。,,,2020/3/24,,新型コロナウイルスによる影響が終息するまで,,https://www.psc-inc.co.jp/index.html,株式会社ピーエスシー,,,,,サービス提供,,,,,新型コロナウイルス感染症,テレワーク,,,,2020-03-24,,,,その他,,,コンピュータソフトウェア協会,,
,,,,「@葬儀」,,"企業等, 行政機関, 葬儀社","生活関連サービス、娯楽, コミュニケーション, その他",,,,,,＠葬儀は一部のご遺族だけが葬儀場で、他の参列者様は自宅パソコン等のオンライン上で葬儀を見れ、オンライン参列できる仕組みです。外出や人の集まりが自粛される状況下で喪主・ご遺族、故人のご友人など皆さまが参加できます。＠葬儀は葬儀社様から個人の方へご提供して頂きます。,,,2020/4/1,,,,https://www.micro-wave.net/news/200401366.html,株式会社マイクロウェーブ,,,,,サービス提供,,,,,新型コロナウイルス感染症,オンライン葬儀,,,,2020-03-24,,,,無料,イベント支援,,その他,,
,,,,MicrosoftR Office 365R ユーザー向け活用支援サービス,,"企業等, 教育機関, 医療機関, 福祉施設, 行政機関","ワークスタイル（テレワーク含む）, コミュニケーション",,,,,,日立グループでの活用支援と普及活動を通じて得られたノウハウを活かし、お客さま組織内でのOffice 365の利用促進、定着化を支援するコンサルティングサービス,,,2020/3/26,,,,https://www.hitachi.co.jp/ws_sol/solution/O365/,株式会社日立製作所,,,,,サービス提供,,,,,新型コロナウイルス感染症,テレワーク,,,,2020-03-26,,,,その他,,,電子情報技術産業協会（JEITA）,,
,,,,PCデータ秘密分散型セキュリティサービス,,"企業等, 教育機関, 医療機関, 福祉施設, 行政機関",ワークスタイル（テレワーク含む）,,,,,,日立グループでのクライアント端末の導入・運用を通じて培ったセキュリティ設計ノウハウや、ZenmuTech社の秘密分散技術などを活用し、Office 365を利用するクライアント端末に高度な情報漏えい対策を提供するサービス,,,2020/3/26,,,,https://www.hitachi.co.jp/Prod/comp/OSD/pc/businesspc/product/tc/scrtdsp.html,株式会社日立製作所,,,,,サービス提供,,,,,新型コロナウイルス感染症,テレワーク,,,,2020-03-26,,,,その他,,,電子情報技術産業協会（JEITA）,,
,,,,日報管理グループウェアBeWorks(ビーワークス）,,企業等,"ワークスタイル（テレワーク含む）, コミュニケーション",,,,,,日報に特化したクラウド業務日報グループウェア。労務時間管理・管理会計等の分析機能が充実,,,,,,,http://beworks.net/,株式会社ＢＥＬＬＳＯＦＴ,,,,,サービス提供,,,,,新型コロナウイルス感染症,テレワーク,,,,2020-03-26,,,,その他,,,その他,,
,,,,「テレスタ」,,企業等,ワークスタイル（テレワーク含む）,,,,,,CLINKS株式会社のTeleworkStyle(テレスタ)では、ITエンジニア在宅派遣サービスを展開しています。経験豊富な弊社在宅エンジニアのご利用で、コストカットを実現します。御社のご要望に応じて利用日数や時間など柔軟に対応いたしますので、お気軽にお問合わせください。,,,2020/3/26,,終了時期未定,,https://teleworkstyle.clinks.jp/,CLINKS株式会社,,,,,サービス提供,,,,,新型コロナウイルス感染症,ITエンジニア在宅派遣サービス,,,,2020-03-26,,,,割引,,,日本テレワーク協会,,
,,,,テレワーク支援サービス,,企業等,ワークスタイル（テレワーク含む）,,,,,,テレワークを導入する企業に対して、格安SIM 、O365（SherPoint）、ルータなど テレワークに必要なサービスをパックにて提供する,,,2020/3/26,,終了時期未定,,https://blog.biz.biglobe.ne.jp/?p=3027,ビッグローブ株式会社,,,,,サービス提供,,,,,新型コロナウイルス感染症,テレワーク,,,,2020-03-26,,,,その他,,,テレコムサービス協会（テレサ協）,,
,,,,Qontextual,,行政機関,"ワークスタイル（テレワーク含む）, その他",,,,,,文章に関連したあらゆる課題解決を実現するFAQ検索エンジンです。新型コロナウイルス感染症についての市民からの「よくある質問」に対する窓口業務にQontextualを導入することで、「市民への正確な最新情報の提供」と「対応する職員の負担軽減」が期待できます。,,,2020/3/24,,終了時期未定,,https://www.qontextual.jp/,株式会社エクサウィザーズ,,,,,サービス提供,,,,,新型コロナウイルス感染症,FAQ検索エンジン,,,,2020-03-26,,,,無料,,,その他,,
,,,,雇用調整助成金作成ツール,,"企業等, 社会保険労務士",その他,,,,,,本ツールでは、雇用調整助成金（新型コロナウイルス感染症関連）申請書作成を補助します。,,,2020/3/19,,終了時期未定,,https://www.cells.co.jp/archives/99286,株式会社セルズ,,,,,サービス提供,,,,,新型コロナウイルス感染症,雇用調整助成金,,,,2020-03-27,,,,無料,,,コンピュータソフトウェア協会,,
,,,,楽天クラウド セキュアドライブ・プラス,,"企業等, 教育機関, 医療機関, 福祉施設, 行政機関",ワークスタイル（テレワーク含む）,,,,,,"安全で簡単操作のクラウド型ファイルサーバ。Windowsエクスプローラ / Mac Finderで操作可能。VPN通信を標準装備で、自宅から安全にファイルサーバにアクセス可能。
",,,,,,,https://cloud.rakuten.co.jp/drive/,楽天コミュニケーションズ株式会社,,,,,サービス提供,,,,,新型コロナウイルス感染症,クラウド型ファイルサーバ,,,,2020-03-27,,,,その他,情報通信,,テレワーク・デイズ登録企業,,
,,,,Lark,,"企業等, 教育機関",ワークスタイル（テレワーク含む）,,,,,,Larkはチャットをベースにした統合型コラボレーションツールで、チャット、ビデオ会議、カレンダー、クラウドストレージ、ドキュメント作成機能が一つにまとまったアプリです。,,,2020/3/5,,無期限,,https://www.larksuite.com/ja_jp/,Lark Technologies Pte. Ltd.,,,,,サービス提供,,,,,新型コロナウイルス感染症,統合型コラボレーションツール,,,,2020-03-27,,,,無料,,,その他,,
,,,,地図のペーパークラフト,,"個人, 教育機関",教育・学習支援,,,,,,ご自宅や学校でご利用いただける、地図のペーパークラフトです。利用方法はペーパクラフトのPDFをダウンロード、家庭用のプリンターからA4カラー印刷し、ハサミ・のりを用意して工作を開始できます。小学低学年で20分前後で作成できます。,,,2020/3/6,,終了時期未定,,https://www.hcc.co.jp/200306/,北海道地図株式会社,,,,,サービス提供,,,サービス提供,,新型コロナウイルス感染症,工作教材,,,,2020-03-26,,,,無料,教材,,その他,,
,,,,「テレナス」「テレパくん」,,"福祉施設, 行政機関, 訪問看護・訪問介護などを行っている事業所など","ワークスタイル（テレワーク含む）, 医療、福祉, 生活関連サービス、娯楽, コミュニケーション",,,,,,遠隔で安否確認ができる双方向映像会話システムです。１台のiPadで最大99人までのユーザーが管理でき、１対多の安否確認（見守り）が可能です。バイタルセンサー、人感センサーとの併用で居住者の行動がわかり、異常時の早期発見が可能です。,,,2020/4/6,,サービス開始後３ヶ月,,https://happybell.jp/,ハッピーベル株式会社,,,,,サービス提供,,,,,新型コロナウイルス感染症,オンライン見守りシステム,,,,2020-03-29,,,,無料,,,その他,,
,,,,生産プロセスの健全性・可用性を最大化する統合運用監視ツール：SCADAfence,,企業等,その他,,,,,,"COVID-19感染拡大のなか、市民生活の継続性を担保するため、従来にも増して重要度が高まる製造・生産分野（製薬・医療機器・食品/飲料・エネルギー・医療/生活消耗品ほか)への支援の一貫として、生産プロセスの健全性・可用性を最大化する統合運用監視ツール: SCADAfenceの期間内無償利用
",,,2020/4/2,,終了時期未定（COVID-19感染拡大収束状況により判断）,,https://www.scadafence.com/ja/,SCADAfence (Japan),,,,,現物支給・貸与,,,,,新型コロナウイルス感染症,工場セキュリティ・運用監視,,,,2020-04-01,,,,無料,,,その他,,
,,,,テレワーク応援プラン,,"個人, 企業等, 教育機関, 行政機関",宿泊、飲食サービス,,,,,,客室内でのWi-Fi /有線LANを無料でご利用いただけることはもちろん、豊富な電源スペースといった設備、デスクワークに最適な電気スタンドの貸出し等、ビジネスに集中できる環境を備えた、使いやすく、実用的で機能的なプライベートオフィススペースです。,,,2020/4/1,,終了時期未定,,https://www.superhotel.co.jp/,株式会社スーパーホテル,,,,,サービス提供,,,サービス提供,,新型コロナウイルス感染症,テレワーク企業応援×スーパーホテル,,,,2020-04-01,,,,割引,,,その他,,
,,,,neoスマボ,,"個人, 企業等, 教育機関, 医療機関, 福祉施設, 行政機関",ワークスタイル（テレワーク含む）,,,,,,"厚生労働省をはじめとした各省庁ならびに世界保健機関（WHO）が公表している情報をもとに、新型コロナウイルスに関する質問についてお答えするチャットボットを無償で公開しています。
専用のURLにアクセスいただく、もしくはURLをサイト上に設置いただくことで、どなたでもご利用いただくことが出来ます。
厚生労働省HPのQ&A更新に合わせて適宜情報をアップデートしてまいります。",,,2020/3/10,,終了時期未定(状況に応じて延長する方針です),,https://news.neoscorp.jp/news-neosmbo-qa/,ネオス株式会社,,,,,サービス提供,,,サービス提供,,新型コロナウイルス感染症,チャットボット,,,,2020-04-01,,,,無料,コミュニケーション支援,,その他,,
,,,,VPN構築、PC設定支援,,"個人, 企業等, 医療機関",ワークスタイル（テレワーク含む）,,,,,,VPN構築のための、ネットワーク設計、機器の導入、設定等,,,,,,,https://www.avc-hk.co.jp/,株式会社AVC放送開発,,,,,サービス提供,,,サービス提供,,新型コロナウイルス感染症,テレワーク,,,,2020-04-02,,,,その他,,,地方版IoT推進ラボ事務局,,
,,,,Aruba VIAソリューション,,企業等,ワークスタイル（テレワーク含む）,,,,,,Aruba無線LANコントローラを導入されているユーザーであれば、クライアント端末にVIAライセンスを投入することでVPNコンセントレータとして動作ができます。windowsやMAC OS等のPCやiOSやandroid等のスマートデバイスとVPNを形成することができます。,,,,,既存で提供中のソリューション。特に販売期限なし。,,https://www.arubanetworks.com/ia/products/security/vpn-services/,日本ヒューレット・パッカード株式会社,,,,,現物支給・貸与,,,,,新型コロナウイルス感染症,テレワーク,,,,2020-04-03,,,,その他,,,無線LANビジネス推進連絡会（Wi-Biz）,,
,,,,法人向けクラウドストレージDirectCloud-BOX、法人向けビジネスチャットDirectCloud-TALK,,"企業等, 教育機関, 医療機関, 福祉施設, 行政機関",ワークスタイル（テレワーク含む）,,,,,,テレワーク実施の上で欠かすことのできない、セキュアなファイル共有とコミュニケーション。その両方を実現できる法人向けクラウドストレージ「DirectCloud-BOX」と法人向けビジネスチャット「DirectCloud-TALK」を提供しています。,,,2020/4/1,,終了時期未定,,https://directcloud.jp/telework,株式会社ダイレクトクラウド,,,,,サービス提供,,,,,新型コロナウイルス感染症,テレワーク,,,,2020-04-03,,,,その他,コミュニケーション支援,,メイド・イン・ジャパン・ソフトウェア＆サービス・コンソーシアム,,
,,,,ブラステル　チャットカフェ,,"個人, 企業等, 教育機関, 医療機関, 福祉施設, 行政機関",ワークスタイル（テレワーク含む）,,,,,,固定、携帯電話から無料でご利用できる、同時通話会議電話システム。（お客様ご利用電話会社への通話料金は発生いたします。）,,,,,今後も継続して提供,,https://www.brastel.com/personal/chat_cafe/jpn/,ブラステル株式会社,,,,,サービス提供,,,サービス提供,,新型コロナウイルス感染症,無料会議電話サービス,,,,2020-04-03,,,,無料,コミュニケーション支援,,日本ユニファイド通信事業者協会（JUSA）,,
,,,,Mappin' Drop（マッピンドロップ）,,"個人, 企業等, 教育機関, 医療機関, 福祉施設, 行政機関",教育・学習支援,,,,,,Mappin'Drop（マッピンドロップ）は、利用者が自分でデザインした地図を画像としてダウンロードできるサービスです。アイコンに地図記号があるので、まわりに何があったか、思い出しながら、スタンプしてみましょう。,,,2020/4/6,,終了時期未定,,https://www.pasco.co.jp/MappinDrop/,株式会社パスコ,,,,,サービス提供,,,サービス提供,,新型コロナウイルス感染症,オンライン地図帳,,,,2020-04-06,,,,無料,教材,,その他,,
,,,,Uber Eats (ウーバーイーツ),,"個人, 企業等, 飲食事業者","生活関連サービス、娯楽, 宿泊、飲食サービス",,,,,,初期手数料の支払い免除：中小規模の新しいレストランパートナーの店舗がUber Eatsのプラットフォームにすぐに参加することができ、そして営業を開始することができるよう、Uber Eatsでは当面の間、Uber Eatsの稼働開始時にかかる初期手数料の支払いを免除することといたしました。さらには、既にUber Eatsのプラットフォームに参加されている中小規模のレストランパートナーにつきましても、ご負担を少しでも軽減できるよう、分割払いの初期手数料の残額分につきまして、お支払いを免除いたします。,,,2020/3/26,,未定、数ヶ月程度を予定,,https://www.uber.com/ja-JP/newsroom/eats-support-japan/,Uber Japan株式会社,,,,,サービス提供,,,サービス提供,,新型コロナウイルス感染症,オンラインフードデリバリー,,,,2020-04-06,,,,割引,,,在日米国商工会議所（ACCJ）,,
,,,,NECのテレワークソリューション,,"企業等, 教育機関, 医療機関, 行政機関","教育・学習支援, ワークスタイル（テレワーク含む）, コミュニケーション",,,,,,NECのテレワークソリューションを、テレワーク環境の整備（短期間で整備できるテレワーク環境、NEC Cloud Solutions、テレワーク環境のセキュリティ、テレワーク環境の業務マネジメント）・お問い合わせ対応の効率化・リモート教育・携帯型空気清浄機にてご提供。,,,,,サービス内容により4月末、5月末等,,https://jpn.nec.com/solution/workstyle/digital_wp/index.html,日本電気株式会社,,,,,サービス提供,,,,,新型コロナウイルス感染症,テレワーク環境の整備、お問い合わせ対応の効率化、リモート教育,,,,2020-04-06,,,,その他,,,情報通信ネットワーク産業協会（CIAJ）,,
,,,,エンドポイントセキュリティ（EDR）導入サービス,,"企業等, 教育機関, 医療機関, 福祉施設, 行政機関",ワークスタイル（テレワーク含む）,,,,,,"ソフォスの高度なエンドポイントセキュリティ（EDR）製品「Sophos Intercept X Advanced with EDR」を4カ月無料でご利用可能！（保守・サポート付き）
在宅勤務・リモートワーク環境でもAIを活用したセキュリティ対策が実現可能です。
",,,2020/4/8,,終了時期未定,,https://security.cec-ltd.co.jp/campaign/202004sophos/?FRM=EDRALSV,株式会社シーイーシー,,,,,サービス提供,,,,,新型コロナウイルス感染症,テレワーク,,,,2020-04-07,,,,無料,,,日本セキュリティ監査協会,,
,,,,テレワーク・リモートワーク導入相談窓口,,企業等,ワークスタイル（テレワーク含む）,,,,,,テレワーク・リモートワーク導入に関する相談窓口を設けております。なにから始めていいかわからない、自社にとってどのような環境が適切なのかなどお気軽にご連絡ください。,,,2020/4/1,,終了時期未定,,https://www.ecco.jp/blog/blog-1906/,株式会社エッコ,,,,,サービス提供,,,,,新型コロナウイルス感染症,テレワーク,,,,2020-04-08,,,,無料,,,その他,,
,,,,ビデオトーク powered by 空電,,"教育機関, 医療機関, 福祉施設, 行政機関",コミュニケーション,,,,,,ビデオトークは、到達率約90%以上といわれるショートメッセージ（SMS）を利用し、「イマ・スグ！ビデオ通話」を実現できるサービスです。しかも、ビデオ通話のためのアプリインストールが不要。ブラウザがあれば、すぐに利用開始できます。 医療現場での患者、教育現場での生徒など対面接触しなければならない業務でも接触困難な状況下で「ビデオトーク」は効果を発揮します。Face to Faceのコミュニケーションをビデオ通話で実現する「ビデオトーク」を1ヶ月無償でご利用頂き、企業・団体を支援いたします。,,,2020/3/1,,利用開始から1ヶ月,,https://www.nttcoms.com/service/videotalk/cam_inquiry/?banner_id=mktgcrm,NTTコム オンライン・マーケティング・ソリューション株式会社,,,,,サービス提供,,,,,新型コロナウイルス感染症,One to One ビデオ通話サービス,,,,2020-04-09,,,,無料,,,その他,,
,,,,CylancePROTECT,,企業等,ワークスタイル（テレワーク含む）,,,,,,テレワークを導入する企業に対し、安全なテレワーク業務の遂行を実現するため、AI技術を用いたマルウェア対策ソリューションCylancePROTECTを提供する。,,,,,60日間無償提供。終了時期未定,,https://www.hitachi-solutions.co.jp/cylance/sp/,株式会社日立ソリューションズ,,,,,サービス提供,,,,,新型コロナウイルス感染症,テレワーク,,,,2020-04-10,,,,無料,,,その他,,
,,,,ビジネスチャットサービス「ELGANA」,,"企業等, 教育機関, 医療機関, 福祉施設, 行政機関","ワークスタイル（テレワーク含む）, コミュニケーション",,,,,,"機能①：１対１やグループで使えるメッセンジャー。
　　　　通知や既読、スタンプによる簡潔・リアルタイムでのやり取りが可能です。
機能②：簡潔な報告・連絡・相談ツール。
　　　　期限を設けて簡潔にタスクを依頼。
　　　　テンプレート入力でもれなく、報告ができます。
機能③：社員の連絡先機能を具備。
　　　　よく連絡するユーザを登録できる「マイコンタクト機能」も提供しています。",,,2020/4/8,,月額費用3か月無料（月途中からの開始の場合、翌々月末で無料期間が終了）,,https://www.ntt-west.co.jp/news/2004/200408a.html,西日本電信電話株式会社（NTT西日本）,,,,,サービス提供,,,,,新型コロナウイルス感染症,ビジネスチャットサービス,,,,2020-04-10,,,,無料,,,全国地域情報化推進協会（APPLIC）,,
,,,,テレワークシステム「alpha Teleworker」,,"企業等, 教育機関, 行政機関",ワークスタイル（テレワーク含む）,,,,,,"◆お申込みから30日間テレワークシステムを無償貸出◆
自宅PCから会社のPCにリモート接続、社内にいる時と変わらず業務を継続。
同時接続数のライセンス形態のため、在宅勤務をローテーションする場合など安価にテレワークを実現。",,,,,評価期間として1ヶ月間、全機能を無料で利用できます。（終了時期未定）,,https://www.alpha.co.jp/biz/products/teleworker/,株式会社アルファシステムズ,,,,,サービス提供,,,,,新型コロナウイルス感染症,テレワーク/在宅勤務,,,,2020-04-16,,,,無料,,,その他,,
,,,,リモートアクセスシステム「alpha V-Worker」,,"企業等, 教育機関, 行政機関",ワークスタイル（テレワーク含む）,,,,,,"◆お申込みから30日間リモートアクセスシステムを無償貸出◆
社内ファイルサーバ・Webシステムにリモート接続、データは一切ノートPCに残さない、
会社のノートPCを自宅などに安全に持ち出せます。",,,,,評価期間として1ヶ月間、全機能を無料で利用できます。（終了時期未定）,,https://www.alpha.co.jp/biz/products/v-worker/,株式会社アルファシステムズ,,,,,サービス提供,,,,,新型コロナウイルス感染症,テレワーク/モバイルワーク,,,,2020-04-16,,,,無料,,,その他,,
,,,,かんたんテレワークサービス,,企業等,"ワークスタイル（テレワーク含む）, コミュニケーション",,,,,,新型コロナウィルス感染拡大を受け、テレワーク環境の準備を検討されている企業様にテレワークに必要な機能を備えたテレワークサービスを一定期間無償でご提供します。コミュニケーションや業務見える化などを支える 14 の機能をクラウドで提供します。 ,,,2020/04/16,,100 ライセンスを上限に 2020 年 9 月末まで無償提供,,https://www.mitani.co.jp/telework/index.html?fbclid=IwAR2Ys18FKFORuqnAuwTp2ZDWCm7N6WW8hC6sotcihr3VPC0hFzB36hUn0xg,三谷産業株式会社,,,,,サービス提供,,,,,新型コロナウイルス感染症,テレワーク,,,,2020-04-21,,,,無料,コミュニケーション支援,,その他,,
3011101037266,,,,『新　川なぜなぜおもしろ読本』朗読公開,,個人,教育・学習支援,,,,,,"長崎テレビにおいて、近代科学社刊行の書籍『新　川なぜなぜおもしろ読本』のアナウンサーによる朗読コンテンツを、YouTubeで無料公開しています。
1）
https://www.youtube.com/watch?v=bHJ7vMNhDAg&list=PLvV20-RLZxuIhtkYpC8YPn5vpQz77rDXL&index=4&t=0s
2）
https://www.youtube.com/watch?v=cF_JFbdhWHk&list=PLvV20-RLZxuIhtkYpC8YPn5vpQz77rDXL&index=7&t=0s
",,,2020/03/26,,,,https://www.youtube.com/watch?v=bHJ7vMNhDAg&list=PLvV20-RLZxuIhtkYpC8YPn5vpQz77rDXL&index=4&t=0s,株式会社近代科学社（インプレスグループ）,,,,,,,3 教育,サービス提供,,新型コロナウイルス感染症,オンライン学習,,,,2020/04/21,,,,無料,オンライン授業,,デジタルメディア協会,,
9010001126388,,,,『Live2Dの教科書 静止画イラストからつくる本格アニメーション』一部無料公開,,個人,教育・学習支援,,,,,,『Live2Dの教科書 静止画イラストからつくる本格アニメーション』の初歩編30ページを期間限定で無料公開しています。,,,,,,,https://twitter.com/mdn_net/status/1235040669422383105?s=20,株式会社エムディエヌコーポレーション（インプレスグループ）,,,,,,,3 教育,サービス提供,,新型コロナウイルス感染症,オンライン学習,,,,2020/04/21,,,,無料,教材提供,,デジタルメディア協会,,
3010701004403,,,,すぐに導入できるリモートワーク環境のつくりかた ,,"企業等, 教育機関, 医療機関, 福祉施設, 行政機関",ワークスタイル（テレワーク含む）,,,,,,"リモートワーク用の仮想デスクトップPCをAWS(Amazon Web Services）を利用して、安全に構築する為の手順書を公開しております。
また、「AWSセレクトコンサルティングパートナー」の弊社が、環境構築のご相談に乗ることもできます。",,,2020/04/01,,未定　コロナウィルスの収束まで,,https://start-remote-work.com/,株式会社　信興テクノミスト,,,,事業運営時,サービス提供,"設備投資, IT化, 災害対応, 情報収集",,,,新型コロナウイルス感染症,テレワーク,,,,2020/04/22,,,,無料,テレワーク,,その他,,
5290001068846,,,,コロナ対策店舗情報マップ,,"個人, 幼児, 小学生, 中学生, 高校生, 大学生等, 企業等, 教育機関, 医療機関, 福祉施設, 行政機関","生活関連サービス、娯楽, 宿泊、飲食サービス, コミュニケーション",,,,,,Vithでは、コロナ対策をしている店舗の情報(営業形態変更・テイクアウト・デリバリーなど)を無料で掲載できます。また、無料で店舗やテイクアウト商品などの紹介動画を制作します。,,,2020/04/10,,,,https://vith.jp/corona/about,株式会社Filot,,,,"起業時, 事業運営時, 事業再生・承継等",サービス提供,"販路開拓, IT化, 情報収集",,,,新型コロナウイルス感染症,コロナ対策店舗情報マップ,,,,2020/04/23,,,,無料,"イベント支援, 飲食支援, 情報通信, 生活関連サービス",,その他,,
3020001116939,,,,フルマオンライン,小学生向け動画制作教室（オンライン）,小学生,教育・学習支援,,,,,,小学生向け「ネットリテラシー」学習用アニメを、無料公開いたします。ネットに触れることも多い現代の小学生に必要な知識を、アニメで楽しく学ぶことができます。通常の時期には、小学生向けに動画制作を教える教室を運営しております。オフラインだけでなく、オンラインで学ぶコースもございます。授業では、動画制作に必要な「企画」「撮影」「編集」に加え、「ネットリテラシー」「プレゼンテーション」も学びます。今回無料公開するアニメは、授業で「ネットリテラシー」を学ぶ際に、実際に使用しているものとなります。,,,2020/03/24,,未定,,https://youtu.be/iQfVPtzzlhs,FULMA株式会社,,,,,,,2 子育て,サービス提供,仕事,新型コロナウイルス感染症,オンライン学習,,,,2020/04/24,,,,無料,教材提供,小学生向けの動画制作教室です。,その他,,
1130001063692,,,,映像制作・ライブ配信支援,映像制作・ライブ配信無償支援,"個人, 高校生, 大学生等, 教育機関, 医療機関, 行政機関","教育・学習支援, 生活関連サービス、娯楽, コミュニケーション",京都府,,,,,"●イベントの模様を撮影/編集しイベントムービーとして制作します 。
イベントに参加できなかった方や、記録に残せなかった方と共有頂けます。

●入場者の制限されるイベントをYouTubeライブ等にてライブ配信致します
こちらで複数台カメラでの撮影・配信まで担当いたします。インターネット環境・電源のみご用意下さい。

※ 京都府下の団体様向けに、撮影/編集/配信全て無償にて行います。",,,2020/04/27,,コロナ終息まで,,https://www.tanpanstudio.com/vscovid19,タンパンスタジオ（サンブリング株式会社）,,,,事業運営時,サービス提供,"販路開拓, IT化, 人材, 知的財産, 事業承継, 災害対応, 情報収集",,,,新型コロナウイルス感染症,映像制作・ライブ配信支援,,,,2020/04/24,,,,無料,"コミュニケーション支援, イベント支援, オンライン授業, 生活関連サービス, 娯楽サービス, 行政サービス",,その他,,
6010001018919,,,,小学館「うちスタ」自宅学習応援無料サイト,おうちでの勉強を少しでも楽しく！,"個人, 幼児, 小学生, 中学生, 高校生",教育・学習支援,,,,,,在宅の学習期間が続く小学生に向け、小学館では、発売中の人気ドリルを中心に一部コンテンツの無料公開を始めました。ベストセラー『本物の国語力をつけることばパズル』シリーズから、『ドラえもんはじめて』シリーズまで、幅広い年齢に対応した教材がそろいました。ドリルなどはダウンロードして出力できるので、自宅学習にすぐに使えます。是非、自宅学習にてご活用ください。,,,2020/04/27,,未定,,https://www.shogakukan.co.jp/pr/uchist/,小学館,,,,,,,"2 子育て, 3 教育",サービス提供,子育て・教育,新型コロナウイルス感染症,自宅学習応援サイト,,,,2020/04/28,,,,無料,教材提供,国語、英語、算数、歴史、ぬりえ,ICT CONNECT21,,
2010001195191,,,,ファシリティ,デジタルアクセシビリティ支援ソリューション,"企業等, 教育機関, 医療機関, 福祉施設, 行政機関","医療、福祉, コミュニケーション",,,,,,"老眼などの加齢に伴う症状をはじめとする、視覚/動作/認識において、様々な症状を
抱えるユーザーにとって、元のサイトの構造を変更することなく閲覧環境を向上させるためのソリューションです。
今回新型コロナウイルス感染症対策に関する情報を発信している公的機関のサイトは無償支援させていただいております。民間企業様は特別価格にてご提供しております。",,,2020/04/02,,未定,,https://www.facil-iti.jp/,ファシリティジャポン株式会社,,,,"事業運営時, その他",サービス提供,"販路開拓, 災害対応",,,,新型コロナウイルス感染症,アクセシビリティ,,,,2020/04/28,,,,無料,"コミュニケーション支援, 情報通信, 行政サービス",,その他,,
1013401006951,,,,超簡単オンライン診療YuriDr. 無料版,YuriDr.は簡単にスマホ・タブレットを使ってオンライン診療。チャット感覚で診療内容をやりとりしながら記録できます。,"個人, 企業等, 教育機関, 医療機関, 福祉施設","ワークスタイル（テレワーク含む）, 医療、福祉, コミュニケーション",,,,,,YuriDr.は簡単にスマホ・タブレットを使ってオンライン診療。チャット感覚で診療内容をやりとりしながら記録できます。ビデオ会話、チャット記録・編集・画像、カテゴリー分け、検索などの機能があります。医療関係の方々、患者の方々はアプリのインストールなしに、すぐに使えるようになります。※無償版は決済機能はついていません。,,,,,,,https://www.ainbiz.co.jp/,アインビズ株式会社,,,,,サービス提供,IT化,"1 妊娠・出産, 2 子育て, 3 教育, 7 高齢者・介護, 20 福祉, 21 障がい者支援, 23 健康・医療, 25 市民活動・コミュニティ",サービス提供,医療福祉,新型コロナウイルス感染症,オンライン診療,,,,2020/05/04,,,,無料,"ビデオ会議, コミュニケーション支援, テレワーク, 遠隔作業環境, 健康相談, 健康・運動管理, 情報通信, オンライン授業, 生活関連サービス",,ITコーディネータ協会,,
7013201012590,,,,ファイルサーバをPC・スマートデバイスでWeb共有化できる－「DocPlug」ドックプラグ,いつものファイルサーバをオンラインストーレジのようにインターネット接続でファイル共有できる,"企業等, 教育機関, 医療機関, 福祉施設, 行政機関",ワークスタイル（テレワーク含む）,,,,,,オフィスにあるファイルサーバをインターネットで接続できるようにします。自宅等の離れた場所からPC・スマートフォン・タブレットでいつものファイルサーバに接続でき、ユーザアカウントやアクセス権もファイルサーバ設定のままファイル共有できます。,,,,,無償利用期間：ベーシック版は継続的・エンタープライズ版は60日間,,https://www.docplug.com/price/,株式会社鉄飛テクノロジー,,,,,,,,,,新型コロナウイルス感染症,テレワーク,,,,2020/05/08,,,,無料,"コミュニケーション支援, テレワーク, 遠隔作業環境, 情報通信",,コンピュータソフトウェア協会,,
7010401046097,,,,Web会議サービスsMeeting,初めての在宅ワークを簡単に。新型コロナウィルスなどの対策に。,"企業等, 教育機関, 医療機関, 福祉施設, 行政機関",ワークスタイル（テレワーク含む）,,,,,,"NTTグループのテレワークを支える、Web会議サービス『sMeeting』を最大60日間無償提供。新型コロナウイルス対策に向き合う企業を応援します。VDIも弊社にお任せください。
",,,2020/05/07,,一定数のお申込みにて終了となります,,https://www.docomo-sys.co.jp/news/20200507.html,ドコモ・システムズ株式会社,,,,,サービス提供,"IT化, 災害対応",,,,新型コロナウイルス感染症,テレワーク,,,,2020/05/11,,,,無料,"ビデオ会議, コミュニケーション支援, テレワーク, 遠隔作業環境",,テレワーク・デイズ登録企業,,
9010001101432,,,,テレワーク導入パック,,"企業等, 教育機関, 医療機関, 福祉施設, 行政機関",ワークスタイル（テレワーク含む）,,,,,,企業様向けに米グーグル社グループウェアツール G Suite とビデオ会議ハードウェアセットを、利用人数に応じて安価に購入できる３つの「 テレワーク導入パック」としてご用意。,,,,,,,https://www.topgate.co.jp/g-suite-telework,株式会社トップゲート,,,,事業運営時,サービス提供,"設備投資, IT化",,,,新型コロナウイルス感染症,テレワーク導入支援パック,,,,2020/05/13,,,,割引,"ビデオ会議, コミュニケーション支援, テレワーク, オフィスなどの空間, 遠隔作業環境, オンライン授業",,その他,,
1010901034136,,,,双方向ＳＭＳによる一斉連絡サービス「アクリートＳＭＳ アラート」,コロナ禍に対応する企業・自治体等のＢＣＰ対策として、携帯電話への緊急連絡,"企業等, 教育機関, 医療機関, 福祉施設, 行政機関","教育・学習支援, ワークスタイル（テレワーク含む）, 医療、福祉, 生活関連サービス、娯楽, コミュニケーション",,,,,,"スマートフォンに加えて、フィーチャーフォン（ガラケー）でも利用可能という緊急連絡における双方向ＳＭＳの優位性を活かすとともに、返信内容に関する集計や再送信機能をシンプルなクラウドサービスのＵＩで実現していることから、緊急連絡のツールとして高いニーズがあります。
企業・自治体内での一斉連絡/安否確認、企業から顧客企業への連絡/確認、学校等の教育機関からの連絡/確認等にご利用ください。
",,,2020/03/11,,月額料金最大2カ月＆ＳＭＳ千通を無償提供,,https://www.accrete-inc.com/news/20200512.html,株式会社アクリート,,,,事業運営時,サービス提供,"IT化, 災害対応, 情報収集",,,,新型コロナウイルス感染症,緊急連絡、一斉連絡,,,,2020/05/13,,,,無料,"コミュニケーション支援, テレワーク, 情報通信, 生活関連サービス, 行政サービス",,その他,,
2011005005700,,,,クラウド選定コンサルティング「教えて！クラウド先生！」,自社にマッチした人事労務関連のクラウドサービス選定をご支援します,企業等,"ワークスタイル（テレワーク含む）, その他",,,,,,次から次にリリースされるクラウドサービス。「結局どのサービスがいいの？」実際に試してみないと自社に適しているか分からないのがクラウドサービスの難点です。また、会社のインフラ部分を担うサービス故に、新しいサービスができたからと言って簡単に変えられるものでもありません。そんなクラウドサービスの最適化（自社にあったサービス選定）を社会保険労務士の視点でコーディネート、アドバイスいたします。,,,2020/05/25,,未定,,https://licensecounter.jp/vmware/lp/telework-assessment.html,社会保険労務士法人スマイング,,,,事業運営時,サービス提供,IT化,,,,新型コロナウイルス感染症,無料クラウド適正診断利用診断,,,,2020/05/24,,,,無料,"テレワーク, 遠隔作業環境, 情報通信",,その他,,
5240001030554,,,,医院・クリニック向け 順番予約システム,待合室の混雑を緩和して、院内感染防止対策をサポートします。,医療機関,医療、福祉,,,,,,"診察の順番を自宅や外出先から予約でき、順番が近づくとメールが届くシステムです。待合室の混雑を解消し、院内感染の防止対策にもつながります。
このシステムの初期導入費(税込55,000円)を無料にさせていただきます。",,,2020/06/01,,,,https://www.coasystems.net/medical/1154/,株式会社コアシステムズ,,,医療、福祉,事業運営時,サービス提供,"設備投資, IT化",,,,新型コロナウイルス感染症,院内感染防止対策,,,,2020/05/25,,,,無料,コミュニケーション支援,,その他,,
6010401129051,,,,法人向けクラウドストレージサービス『ixMark（イクスマーク）』,,"企業等, 教育機関, 医療機関, 福祉施設, 行政機関, 組合、協会、プロジェクトなど","ワークスタイル（テレワーク含む）, コミュニケーション",,,,,,"「自タウからでもオフィスにいるときと同じようにデータ共有を行いたい」
「無料のクラウドサービスではセキュリティ面で不安がある」
そんな課題を抱えていませんか？

クラウドストレージサービス「ixMark」は普段と変わらない画面で操作が行えます。
Windowsならエクスプローラー、Macならファインダー画面でファイルのコピペなど、らくらくスムーズ！導入もカンタンで、さらに低価格！中小企業にオススメのサービスです。",,,2020/03/09,,お申込みから１ヶ月,,https://ixmark.jp/,ixMark株式会社,,,,,サービス提供,"IT化, 知的財産, 起業・創業, 災害対応",,,,新型コロナウイルス感染症,テレワーク、クラウドサービス、ストレージ、データ共有、データ転送,,,,2020/05/25,,,,割引,"コミュニケーション支援, テレワーク",,テレワーク・デイズ登録企業,,
10401126712,,,,Rian,英・中・韓をはじめ、多言語対応が必要な患者を支える医療従事者向けにドキュメント翻訳システムRian(リアン)を無償提供,"教育機関, 医療機関, 福祉施設, 行政機関",その他,,,,,,多言語ドキュメント翻訳システムRian（リアン）を、世界の医療従事者向けに3ヶ月間無償にてご提供いたします。Rian（リアン）は、エクセルやワードをはじめ、様々な形式のドキュメントを、そのフォーマットのまま翻訳できるウェブサービスです。このたび、ウェブアプリケーションを利用しなくても、メール送信だけで翻訳されたドキュメントが手元に届く簡易版機能を開発しました。,,,,,お申込み後、３ヶ月間無償利用可能,,https://rian.io/medicalsupport.html,株式会社Vizitech Solutions,,,"医療、福祉, 行政サービス等","事業運営時, 事業再生・承継等",サービス提供,IT化,,,,新型コロナウイルス感染症,翻訳支援,,,,2020/05/26,,,,無料,"営業・契約支援, 情報通信",,その他,,
2010401057479,,,,テレワーク環境ガイド,持続的なテレワークを実現するための在宅勤務環境のガイドライン,企業等,ワークスタイル（テレワーク含む）,,,,,,生産性を落とさずに在宅勤務を行うためには、通常のオフィスや事業所と同様に環境面での戦略的な投資が必要です。このガイドでは、レノボ・グループが実際に約4年半にわたってテレワークを導入し、蓄積したテレワークに最適な環境作りのノウハウを無償公開しています。,,,2020/05/26,,ガイドの提供のため、提供期間なし,,http://www.lenovojp.com/business/solution/download/002/pdf/TELEWORK_Full_ver.pdf,レノボ・ジャパン合同会社,,,,事業運営時,その他,"設備投資, IT化",,,,新型コロナウイルス感染症,テレワーク,,,,2020/05/26,,,,無料,"テレワーク, 遠隔作業環境",,日本テレワーク協会,,
2010401008184,,,,働き方改革テレワーク導入支援サービス,「働き方」を変える、「貴方」を変える,"企業等, 教育機関, 医療機関, 福祉施設, 行政機関","ワークスタイル（テレワーク含む）, コミュニケーション","埼玉県, 千葉県, 東京都, 神奈川県",,,,,情報創造コミュニティーでは、中堅・中小企業の皆様向けにテレワークや働き方を推進サポートするための相談会を随時実施しています。さらには、一部のツールは実際に触って体験することもできますので、お気軽にご相談ください。,,,2020/05/28,,,,https://www.t-itc.jp/hataraki/index.html,情報創造コミュニティー（運営：協立情報通信）,,,"農業、林業, 漁業, 鉱業、採石業、砂利採取業, 建設、製造, 電気・ガス・熱供給・水道, 運輸、郵便, 卸売、小売, 金融、保険, 不動産、物品賃貸, 学術研究、専門・技術サービス, 宿泊、飲食サービス, 生活関連サービス、娯楽, 教育、学習支援, 医療、福祉, 複合サービス, その他サービス, 行政サービス等",事業運営時,サービス提供,"設備投資, IT化, 災害対応, 情報収集",,,,新型コロナウイルス感染症,テレワーク,,,,2020/05/27,2020/05/28,,,無料,"ビデオ会議, コミュニケーション支援, テレワーク, 遠隔作業環境, 営業・契約支援, 情報通信",,コンピュータソフトウェア協会,,
10401126712,,,,Rian（リアン）,ドキュメント機械翻訳サービス,"企業等, 教育機関, 医療機関, 福祉施設, 行政機関","教育・学習支援, ワークスタイル（テレワーク含む）, 医療、福祉, コミュニケーション",,,,,,エクセルやワードをはじめ、様々な形式のドキュメントを、そのフォーマットのまま翻訳できるウェブサービスです。対応言語は、英語をはじめ、中国語、韓国語、スペイン語、ポルトガル語など49言語。対応できるドキュメントのフォーマットは、エクセル、ワード、パワーポイントなどです。,,,,,登録日から3ヶ月間,,https://rian.io/medicalsupport.html,株式会社Vizitech Solutions,,,,,,"IT化, 災害対応, 情報収集",,,,新型コロナウイルス感染症,ドキュメント翻訳サービス,,,,2020/06/02,,,,無料,"コミュニケーション支援, 健康相談, 情報通信, 行政サービス",,その他,,
5011101088274,,,,MOT/TEL,オフィスの電話をスマホで対応,"企業等, 教育機関, 医療機関, 福祉施設, 行政機関","教育・学習支援, ワークスタイル（テレワーク含む）, コミュニケーション",,,,,,テレワークの導入を検討している方に対して、ビジネスフォンの代わりにスマートフォンやPC等の端末で会社番号での発着信ができるサービスを提供しています。端末同士は内線として無料通話できるので、テレワーク中のコミュニケーション手段として利用可能です。14日間の無料トライアルも実施しています。,,,,,お申し込みから14日間無料トライアル可能,,https://www.mot-net.com/mottel,株式会社バルテックジャパン,,,,"起業時, 事業運営時","現物提供・貸与, サービス提供","設備投資, IT化, 資金繰り, 起業・創業",,,,新型コロナウイルス感染症,テレワーク,,,,2020/06/09,,,,無料,"ビデオ会議, コミュニケーション支援, テレワーク, オフィスなどの空間, 遠隔作業環境, 営業・契約支援, 採用・就業管理, 情報通信, オンライン授業",,テレワーク・デイズ登録企業,,
1011101071440,,,,「リモート接客・リモート物件見学・IT重説」サービス,不動産賃貸、売買、管理、リフォーム、社宅等の総合不動産『住まいのリライフ』,"個人, 大学生等, 企業等, 教育機関, 医療機関, 福祉施設, 行政機関, 外国籍、高齢者、障害者","ワークスタイル（テレワーク含む）, 生活関連サービス、娯楽, コミュニケーション, その他",,,,,,5分程度の簡単な準備で、お客様のパソコンやスマホ・タブレットと弊社システムを接続します。 画面越しに店舗スタッフと顔を合わせながら、ご来店同様のサービスが可能です。スタッフにてお客様のお部屋探しのご条件を丁寧に伺いながら、新着物件を中心にご提案させていただきます。物件のご提案はお客様の画面に物件情報を表示して行いますので、分かりやすくスムーズなやり取りが可能です。,,,2020/02/01,,終了期日未定,,https://relife-search.com/it-service/,株式会社リライフ,,,不動産、物品賃貸,,,,"5 引越し・住まい, 15 駐輪・駐車","現物支給・貸与, サービス提供","住まい, その他暮らしに関すること",新型コロナウイルス感染症,「リモート接客・リモート物件見学・IT重説」サービス,,,,2020/07/30,,,,無料,"コミュニケーション支援, テレワーク, 生活関連サービス, その他",,その他,,